"Label (Grouping)","SEX AND AGE","SEX AND AGE!!Total population","SEX AND AGE!!Total population!!Male","SEX AND AGE!!Total population!!Female","SEX AND AGE!!Under 5 years","SEX AND AGE!!5 to 9 years","SEX AND AGE!!10 to 14 years","SEX AND AGE!!15 to 19 years","SEX AND AGE!!20 to 24 years","SEX AND AGE!!25 to 34 years","SEX AND AGE!!35 to 44 years","SEX AND AGE!!45 to 54 years","SEX AND AGE!!55 to 59 years","SEX AND AGE!!60 to 64 years","SEX AND AGE!!65 to 74 years","SEX AND AGE!!75 to 84 years","SEX AND AGE!!85 years and over","SEX AND AGE!!Median age (years)","SEX AND AGE!!18 years and over","SEX AND AGE!!21 years and over","SEX AND AGE!!62 years and over","SEX AND AGE!!65 years and over","SEX AND AGE!!18 years and over","SEX AND AGE!!18 years and over!!Male","SEX AND AGE!!18 years and over!!Female","SEX AND AGE!!65 years and over","SEX AND AGE!!65 years and over!!Male","SEX AND AGE!!65 years and over!!Female","RACE","RACE!!Total population","RACE!!Total population!!One race","RACE!!Total population!!Two or more races","RACE!!One race","RACE!!One race!!White","RACE!!One race!!Black or African American","RACE!!One race!!American Indian and Alaska Native","RACE!!One race!!American Indian and Alaska Native!!Cherokee tribal grouping","RACE!!One race!!American Indian and Alaska Native!!Chippewa tribal grouping","RACE!!One race!!American Indian and Alaska Native!!Navajo tribal grouping","RACE!!One race!!American Indian and Alaska Native!!Sioux tribal grouping","RACE!!One race!!Asian","RACE!!One race!!Asian!!Asian Indian","RACE!!One race!!Asian!!Chinese","RACE!!One race!!Asian!!Filipino","RACE!!One race!!Asian!!Japanese","RACE!!One race!!Asian!!Korean","RACE!!One race!!Asian!!Vietnamese","RACE!!One race!!Asian!!Other Asian","RACE!!One race!!Native Hawaiian and Other Pacific Islander","RACE!!One race!!Native Hawaiian and Other Pacific Islander!!Native Hawaiian","RACE!!One race!!Native Hawaiian and Other Pacific Islander!!Guamanian or Chamorro","RACE!!One race!!Native Hawaiian and Other Pacific Islander!!Samoan","RACE!!One race!!Native Hawaiian and Other Pacific Islander!!Other Pacific Islander","RACE!!One race!!Some other race","RACE!!Two or more races","RACE!!Two or more races!!White and Black or African American","RACE!!Two or more races!!White and American Indian and Alaska Native","RACE!!Two or more races!!White and Asian","RACE!!Two or more races!!Black or African American and American Indian and Alaska Native","RACE!!Race alone or in combination with one or more other races","RACE!!Race alone or in combination with one or more other races!!Total population","RACE!!Race alone or in combination with one or more other races!!Total population!!White","RACE!!Race alone or in combination with one or more other races!!Total population!!Black or African American","RACE!!Race alone or in combination with one or more other races!!Total population!!American Indian and Alaska Native","RACE!!Race alone or in combination with one or more other races!!Total population!!Asian","RACE!!Race alone or in combination with one or more other races!!Total population!!Native Hawaiian and Other Pacific Islander","RACE!!Race alone or in combination with one or more other races!!Total population!!Some other race","HISPANIC OR LATINO AND RACE","HISPANIC OR LATINO AND RACE!!Total population","HISPANIC OR LATINO AND RACE!!Total population!!Hispanic or Latino (of any race)","HISPANIC OR LATINO AND RACE!!Total population!!Hispanic or Latino (of any race)!!Mexican","HISPANIC OR LATINO AND RACE!!Total population!!Hispanic or Latino (of any race)!!Puerto Rican","HISPANIC OR LATINO AND RACE!!Total population!!Hispanic or Latino (of any race)!!Cuban","HISPANIC OR LATINO AND RACE!!Total population!!Hispanic or Latino (of any race)!!Other Hispanic or Latino","HISPANIC OR LATINO AND RACE!!Total population!!Not Hispanic or Latino","HISPANIC OR LATINO AND RACE!!Total population!!Not Hispanic or Latino!!White alone","HISPANIC OR LATINO AND RACE!!Total population!!Not Hispanic or Latino!!Black or African American alone","HISPANIC OR LATINO AND RACE!!Total population!!Not Hispanic or Latino!!American Indian and Alaska Native alone","HISPANIC OR LATINO AND RACE!!Total population!!Not Hispanic or Latino!!Asian alone","HISPANIC OR LATINO AND RACE!!Total population!!Not Hispanic or Latino!!Native Hawaiian and Other Pacific Islander alone","HISPANIC OR LATINO AND RACE!!Total population!!Not Hispanic or Latino!!Some other race alone","HISPANIC OR LATINO AND RACE!!Total population!!Not Hispanic or Latino!!Two or more races","HISPANIC OR LATINO AND RACE!!Total population!!Not Hispanic or Latino!!Two or more races!!Two races including Some other race","HISPANIC OR LATINO AND RACE!!Total population!!Not Hispanic or Latino!!Two or more races!!Two races excluding Some other race, and Three or more races","HISPANIC OR LATINO AND RACE!!Total housing units","CITIZEN, VOTING AGE POPULATION","CITIZEN, VOTING AGE POPULATION!!Citizen, 18 and over population","CITIZEN, VOTING AGE POPULATION!!Citizen, 18 and over population!!Male","CITIZEN, VOTING AGE POPULATION!!Citizen, 18 and over population!!Female"
"Alabama","","","","","","","","","","","","","","","","","","","","","","","","","","","","","","","","","","","","","","","","","","","","","","","","","","","","","","","","","","","","","","","","","","","","","","","","","","","","","","","","","","","","","","","","",""
"    Estimate","","4,863,300","2,356,052","2,507,248","286,643","312,788","301,747","335,687","325,722","629,565","598,269","645,623","340,893","302,411","465,669","231,894","86,389","39.0","3,763,783","3,553,484","964,274","783,952","3,763,783","1,790,813","1,972,970","783,952","338,770","445,182","","4,863,300","4,779,442","83,858","4,779,442","3,316,384","1,301,102","24,509","9,118","0","483","770","65,611","11,975","15,231","8,698","1,981","10,398","6,347","10,981","1,503","270","683","37","513","70,333","83,858","25,285","25,292","13,397","3,176","","4,863,300","3,389,735","1,338,854","56,661","85,704","3,769","77,234","","4,863,300","199,686","126,577","19,930","4,880","48,299","4,663,614","3,197,147","1,294,572","21,225","65,100","1,341","7,537","76,692","1,956","74,736","2,230,180","","3,670,229","1,742,667","1,927,562"
"    Percent","","4,863,300","48.4%","51.6%","5.9%","6.4%","6.2%","6.9%","6.7%","12.9%","12.3%","13.3%","7.0%","6.2%","9.6%","4.8%","1.8%","(X)","77.4%","73.1%","19.8%","16.1%","3,763,783","47.6%","52.4%","783,952","43.2%","56.8%","","4,863,300","98.3%","1.7%","98.3%","68.2%","26.8%","0.5%","0.2%","0.0%","0.0%","0.0%","1.3%","0.2%","0.3%","0.2%","0.0%","0.2%","0.1%","0.2%","0.0%","0.0%","0.0%","0.0%","0.0%","1.4%","1.7%","0.5%","0.5%","0.3%","0.1%","","4,863,300","69.7%","27.5%","1.2%","1.8%","0.1%","1.6%","","4,863,300","4.1%","2.6%","0.4%","0.1%","1.0%","95.9%","65.7%","26.6%","0.4%","1.3%","0.0%","0.2%","1.6%","0.0%","1.5%","(X)","","3,670,229","47.5%","52.5%"
"Alaska","","","","","","","","","","","","","","","","","","","","","","","","","","","","","","","","","","","","","","","","","","","","","","","","","","","","","","","","","","","","","","","","","","","","","","","","","","","","","","","","","","","","","","","","",""
"    Estimate","","741,894","390,573","351,321","52,495","53,661","51,068","48,829","56,890","121,629","92,373","93,124","54,081","41,912","52,097","16,963","6,772","33.5","554,598","526,655","99,799","75,832","554,598","291,298","263,300","75,832","37,737","38,095","","741,894","677,933","63,961","677,933","477,895","23,753","108,056","1,100","766","225","203","45,580","906","1,777","29,275","1,772","3,796","818","7,236","9,937","1,275","859","6,648","1,155","12,712","63,961","8,231","31,962","10,332","1,238","","741,894","536,380","37,479","145,982","61,637","15,903","15,826","","741,894","51,304","26,090","7,729","821","16,664","690,590","452,757","21,768","104,362","44,235","9,766","1,741","55,961","1,176","54,785","310,672","","531,845","280,943","250,902"
"    Percent","","741,894","52.6%","47.4%","7.1%","7.2%","6.9%","6.6%","7.7%","16.4%","12.5%","12.6%","7.3%","5.6%","7.0%","2.3%","0.9%","(X)","74.8%","71.0%","13.5%","10.2%","554,598","52.5%","47.5%","75,832","49.8%","50.2%","","741,894","91.4%","8.6%","91.4%","64.4%","3.2%","14.6%","0.1%","0.1%","0.0%","0.0%","6.1%","0.1%","0.2%","3.9%","0.2%","0.5%","0.1%","1.0%","1.3%","0.2%","0.1%","0.9%","0.2%","1.7%","8.6%","1.1%","4.3%","1.4%","0.2%","","741,894","72.3%","5.1%","19.7%","8.3%","2.1%","2.1%","","741,894","6.9%","3.5%","1.0%","0.1%","2.2%","93.1%","61.0%","2.9%","14.1%","6.0%","1.3%","0.2%","7.5%","0.2%","7.4%","(X)","","531,845","52.8%","47.2%"
"Arizona","","","","","","","","","","","","","","","","","","","","","","","","","","","","","","","","","","","","","","","","","","","","","","","","","","","","","","","","","","","","","","","","","","","","","","","","","","","","","","","","","","","","","","","","",""
"    Estimate","","6,931,071","3,444,228","3,486,843","436,322","459,892","455,551","475,013","477,884","929,487","849,315","846,513","414,697","416,571","684,376","357,328","128,122","37.5","5,299,649","5,003,462","1,411,716","1,169,826","5,299,649","2,611,425","2,688,224","1,169,826","539,236","630,590","","6,931,071","6,681,391","249,680","6,681,391","5,254,944","299,674","306,247","3,228","1,106","149,725","1,760","220,438","49,855","44,171","43,282","9,714","14,285","29,629","29,502","14,140","4,885","2,317","995","5,943","585,948","249,680","53,387","54,280","44,299","9,784","","6,931,071","5,465,822","384,932","392,975","289,425","31,883","643,100","","6,931,071","2,144,775","1,917,690","44,250","14,529","168,306","4,786,296","3,834,724","284,478","274,472","214,132","12,834","10,072","155,584","5,187","150,397","2,961,136","","4,801,062","2,357,954","2,443,108"
"    Percent","","6,931,071","49.7%","50.3%","6.3%","6.6%","6.6%","6.9%","6.9%","13.4%","12.3%","12.2%","6.0%","6.0%","9.9%","5.2%","1.8%","(X)","76.5%","72.2%","20.4%","16.9%","5,299,649","49.3%","50.7%","1,169,826","46.1%","53.9%","","6,931,071","96.4%","3.6%","96.4%","75.8%","4.3%","4.4%","0.0%","0.0%","2.2%","0.0%","3.2%","0.7%","0.6%","0.6%","0.1%","0.2%","0.4%","0.4%","0.2%","0.1%","0.0%","0.0%","0.1%","8.5%","3.6%","0.8%","0.8%","0.6%","0.1%","","6,931,071","78.9%","5.6%","5.7%","4.2%","0.5%","9.3%","","6,931,071","30.9%","27.7%","0.6%","0.2%","2.4%","69.1%","55.3%","4.1%","4.0%","3.1%","0.2%","0.1%","2.2%","0.1%","2.2%","(X)","","4,801,062","49.1%","50.9%"
"Arkansas","","","","","","","","","","","","","","","","","","","","","","","","","","","","","","","","","","","","","","","","","","","","","","","","","","","","","","","","","","","","","","","","","","","","","","","","","","","","","","","","","","","","","","","","",""
"    Estimate","","2,988,248","1,468,782","1,519,466","188,716","201,291","197,333","215,051","195,409","382,578","364,966","379,035","195,113","183,126","284,288","145,440","55,902","38.0","2,280,888","2,142,654","594,353","485,630","2,280,888","1,104,604","1,176,284","485,630","215,607","270,023","","2,988,248","2,910,827","77,421","2,910,827","2,290,066","464,516","18,859","N","N","N","N","41,781","10,612","7,264","5,624","868","2,596","3,965","10,852","8,808","N","N","N","N","86,797","77,421","21,869","27,323","7,712","3,330","","2,988,248","2,358,554","496,098","53,548","53,699","11,608","97,373","","2,988,248","214,544","158,417","6,609","2,579","46,939","2,773,704","2,175,226","462,232","16,096","41,387","8,808","2,917","67,038","1,938","65,100","1,354,801","","2,193,217","1,061,614","1,131,603"
"    Percent","","2,988,248","49.2%","50.8%","6.3%","6.7%","6.6%","7.2%","6.5%","12.8%","12.2%","12.7%","6.5%","6.1%","9.5%","4.9%","1.9%","(X)","76.3%","71.7%","19.9%","16.3%","2,280,888","48.4%","51.6%","485,630","44.4%","55.6%","","2,988,248","97.4%","2.6%","97.4%","76.6%","15.5%","0.6%","N","N","N","N","1.4%","0.4%","0.2%","0.2%","0.0%","0.1%","0.1%","0.4%","0.3%","N","N","N","N","2.9%","2.6%","0.7%","0.9%","0.3%","0.1%","","2,988,248","78.9%","16.6%","1.8%","1.8%","0.4%","3.3%","","2,988,248","7.2%","5.3%","0.2%","0.1%","1.6%","92.8%","72.8%","15.5%","0.5%","1.4%","0.3%","0.1%","2.2%","0.1%","2.2%","(X)","","2,193,217","48.4%","51.6%"
"California","","","","","","","","","","","","","","","","","","","","","","","","","","","","","","","","","","","","","","","","","","","","","","","","","","","","","","","","","","","","","","","","","","","","","","","","","","","","","","","","","","","","","","","","",""
"    Estimate","","39,250,017","19,491,231","19,758,786","2,482,422","2,524,786","2,546,294","2,585,154","2,807,120","5,902,164","5,168,066","5,198,221","2,481,314","2,206,037","3,092,039","1,538,860","717,540","36.4","30,156,768","28,534,107","6,597,908","5,348,439","30,156,768","14,848,286","15,308,482","5,348,439","2,371,854","2,976,585","","39,250,017","37,370,367","1,879,650","37,370,367","23,420,234","2,265,280","290,133","16,709","1,883","7,380","5,094","5,602,074","755,221","1,543,402","1,252,552","269,132","461,974","668,956","650,837","150,521","22,664","23,649","40,909","63,299","5,642,125","1,879,650","275,745","300,066","550,074","39,092","","39,250,017","24,980,439","2,758,577","746,753","6,432,756","319,337","6,074,661","","39,250,017","15,280,776","12,718,251","214,255","91,438","2,256,832","23,969,241","14,725,729","2,160,958","132,153","5,518,226","137,019","105,389","1,189,767","53,908","1,135,859","14,061,375","","25,197,798","12,339,669","12,858,129"
"    Percent","","39,250,017","49.7%","50.3%","6.3%","6.4%","6.5%","6.6%","7.2%","15.0%","13.2%","13.2%","6.3%","5.6%","7.9%","3.9%","1.8%","(X)","76.8%","72.7%","16.8%","13.6%","30,156,768","49.2%","50.8%","5,348,439","44.3%","55.7%","","39,250,017","95.2%","4.8%","95.2%","59.7%","5.8%","0.7%","0.0%","0.0%","0.0%","0.0%","14.3%","1.9%","3.9%","3.2%","0.7%","1.2%","1.7%","1.7%","0.4%","0.1%","0.1%","0.1%","0.2%","14.4%","4.8%","0.7%","0.8%","1.4%","0.1%","","39,250,017","63.6%","7.0%","1.9%","16.4%","0.8%","15.5%","","39,250,017","38.9%","32.4%","0.5%","0.2%","5.7%","61.1%","37.5%","5.5%","0.3%","14.1%","0.3%","0.3%","3.0%","0.1%","2.9%","(X)","","25,197,798","49.0%","51.0%"
"Colorado","","","","","","","","","","","","","","","","","","","","","","","","","","","","","","","","","","","","","","","","","","","","","","","","","","","","","","","","","","","","","","","","","","","","","","","","","","","","","","","","","","","","","","","","",""
"    Estimate","","5,540,545","2,790,701","2,749,844","335,071","361,119","353,781","354,657","390,411","837,560","745,669","719,910","371,856","327,455","460,219","202,606","80,231","36.7","4,280,033","4,055,804","930,733","743,056","4,280,033","2,140,793","2,139,240","743,056","339,794","403,262","","5,540,545","5,356,184","184,361","5,356,184","4,654,921","234,142","54,743","3,596","1,070","8,513","3,234","175,951","31,646","36,043","16,838","12,540","22,379","21,918","34,587","8,325","2,278","984","1,274","3,789","228,102","184,361","41,382","43,091","40,187","3,896","","5,540,545","4,821,075","296,883","113,874","229,940","17,506","263,483","","5,540,545","1,181,218","850,495","33,961","14,238","282,524","4,359,327","3,796,733","220,728","28,993","173,588","7,397","6,313","125,575","3,062","122,513","2,339,140","","3,979,278","1,987,199","1,992,079"
"    Percent","","5,540,545","50.4%","49.6%","6.0%","6.5%","6.4%","6.4%","7.0%","15.1%","13.5%","13.0%","6.7%","5.9%","8.3%","3.7%","1.4%","(X)","77.2%","73.2%","16.8%","13.4%","4,280,033","50.0%","50.0%","743,056","45.7%","54.3%","","5,540,545","96.7%","3.3%","96.7%","84.0%","4.2%","1.0%","0.1%","0.0%","0.2%","0.1%","3.2%","0.6%","0.7%","0.3%","0.2%","0.4%","0.4%","0.6%","0.2%","0.0%","0.0%","0.0%","0.1%","4.1%","3.3%","0.7%","0.8%","0.7%","0.1%","","5,540,545","87.0%","5.4%","2.1%","4.2%","0.3%","4.8%","","5,540,545","21.3%","15.4%","0.6%","0.3%","5.1%","78.7%","68.5%","4.0%","0.5%","3.1%","0.1%","0.1%","2.3%","0.1%","2.2%","(X)","","3,979,278","49.9%","50.1%"
"Connecticut","","","","","","","","","","","","","","","","","","","","","","","","","","","","","","","","","","","","","","","","","","","","","","","","","","","","","","","","","","","","","","","","","","","","","","","","","","","","","","","","","","","","","","","","",""
"    Estimate","","3,576,452","1,745,153","1,831,299","185,029","200,888","224,010","249,315","249,473","436,596","424,492","524,729","265,460","239,820","323,635","164,310","88,695","40.9","2,824,290","2,666,866","708,389","576,640","2,824,290","1,360,390","1,463,900","576,640","248,844","327,796","","3,576,452","3,464,928","111,524","3,464,928","2,741,892","378,932","9,887","N","N","N","N","161,950","68,060","34,725","12,351","4,864","10,805","7,794","23,351","1,259","174","413","197","475","171,008","111,524","33,845","12,147","18,939","6,388","","3,576,452","2,830,366","441,437","38,558","190,086","4,062","196,716","","3,576,452","562,347","61,855","298,245","10,892","191,355","3,014,105","2,411,769","352,345","4,968","159,838","505","11,451","73,229","4,472","68,757","1,499,145","","2,602,785","1,248,029","1,354,756"
"    Percent","","3,576,452","48.8%","51.2%","5.2%","5.6%","6.3%","7.0%","7.0%","12.2%","11.9%","14.7%","7.4%","6.7%","9.0%","4.6%","2.5%","(X)","79.0%","74.6%","19.8%","16.1%","2,824,290","48.2%","51.8%","576,640","43.2%","56.8%","","3,576,452","96.9%","3.1%","96.9%","76.7%","10.6%","0.3%","N","N","N","N","4.5%","1.9%","1.0%","0.3%","0.1%","0.3%","0.2%","0.7%","0.0%","0.0%","0.0%","0.0%","0.0%","4.8%","3.1%","0.9%","0.3%","0.5%","0.2%","","3,576,452","79.1%","12.3%","1.1%","5.3%","0.1%","5.5%","","3,576,452","15.7%","1.7%","8.3%","0.3%","5.4%","84.3%","67.4%","9.9%","0.1%","4.5%","0.0%","0.3%","2.0%","0.1%","1.9%","(X)","","2,602,785","47.9%","52.1%"
"Delaware","","","","","","","","","","","","","","","","","","","","","","","","","","","","","","","","","","","","","","","","","","","","","","","","","","","","","","","","","","","","","","","","","","","","","","","","","","","","","","","","","","","","","","","","",""
"    Estimate","","952,065","460,232","491,833","55,241","54,716","59,275","60,834","59,452","128,569","110,018","125,863","69,814","61,609","100,290","48,194","18,190","40.6","747,828","710,465","204,586","166,674","747,828","356,682","391,146","166,674","73,929","92,745","","952,065","926,351","25,714","926,351","659,091","209,911","4,055","N","N","N","N","35,646","12,483","12,043","3,162","645","2,423","579","4,311","2,053","N","N","N","N","15,595","25,714","10,185","2,354","5,194","2,782","","952,065","679,963","225,488","10,179","43,419","2,820","17,792","","952,065","87,152","33,194","28,560","1,933","23,465","864,913","597,331","203,278","3,281","35,591","990","1,419","23,023","718","22,305","426,154","","705,209","334,269","370,940"
"    Percent","","952,065","48.3%","51.7%","5.8%","5.7%","6.2%","6.4%","6.2%","13.5%","11.6%","13.2%","7.3%","6.5%","10.5%","5.1%","1.9%","(X)","78.5%","74.6%","21.5%","17.5%","747,828","47.7%","52.3%","166,674","44.4%","55.6%","","952,065","97.3%","2.7%","97.3%","69.2%","22.0%","0.4%","N","N","N","N","3.7%","1.3%","1.3%","0.3%","0.1%","0.3%","0.1%","0.5%","0.2%","N","N","N","N","1.6%","2.7%","1.1%","0.2%","0.5%","0.3%","","952,065","71.4%","23.7%","1.1%","4.6%","0.3%","1.9%","","952,065","9.2%","3.5%","3.0%","0.2%","2.5%","90.8%","62.7%","21.4%","0.3%","3.7%","0.1%","0.1%","2.4%","0.1%","2.3%","(X)","","705,209","47.4%","52.6%"
"District of Columbia","","","","","","","","","","","","","","","","","","","","","","","","","","","","","","","","","","","","","","","","","","","","","","","","","","","","","","","","","","","","","","","","","","","","","","","","","","","","","","","","","","","","","","","","",""
"    Estimate","","681,170","323,591","357,579","43,546","34,709","26,875","37,591","58,291","154,662","98,911","77,605","35,336","34,547","46,167","22,588","10,342","33.9","560,388","527,007","99,961","79,097","560,388","262,728","297,660","79,097","32,467","46,630","","681,170","663,435","17,735","663,435","277,268","320,554","2,004","N","N","N","N","26,436","6,693","6,061","3,669","1,751","2,787","1,396","4,079","41","N","N","N","N","37,132","17,735","4,387","852","5,725","1,277","","681,170","290,787","329,599","5,809","34,489","289","40,087","","681,170","74,422","14,887","4,658","2,598","52,279","606,748","247,185","315,848","1,529","25,952","41","1,929","14,264","802","13,462","313,703","","513,470","239,366","274,104"
"    Percent","","681,170","47.5%","52.5%","6.4%","5.1%","3.9%","5.5%","8.6%","22.7%","14.5%","11.4%","5.2%","5.1%","6.8%","3.3%","1.5%","(X)","82.3%","77.4%","14.7%","11.6%","560,388","46.9%","53.1%","79,097","41.0%","59.0%","","681,170","97.4%","2.6%","97.4%","40.7%","47.1%","0.3%","N","N","N","N","3.9%","1.0%","0.9%","0.5%","0.3%","0.4%","0.2%","0.6%","0.0%","N","N","N","N","5.5%","2.6%","0.6%","0.1%","0.8%","0.2%","","681,170","42.7%","48.4%","0.9%","5.1%","0.0%","5.9%","","681,170","10.9%","2.2%","0.7%","0.4%","7.7%","89.1%","36.3%","46.4%","0.2%","3.8%","0.0%","0.3%","2.1%","0.1%","2.0%","(X)","","513,470","46.6%","53.4%"
"Florida","","","","","","","","","","","","","","","","","","","","","","","","","","","","","","","","","","","","","","","","","","","","","","","","","","","","","","","","","","","","","","","","","","","","","","","","","","","","","","","","","","","","","","","","",""
"    Estimate","","20,612,439","10,070,860","10,541,579","1,117,467","1,133,256","1,166,476","1,224,713","1,266,856","2,660,916","2,467,080","2,755,495","1,419,462","1,309,954","2,278,240","1,269,026","543,498","42.1","16,467,299","15,708,372","4,864,413","4,090,764","16,467,299","7,951,948","8,515,351","4,090,764","1,839,806","2,250,958","","20,612,439","20,079,688","532,751","20,079,688","15,574,165","3,310,428","52,738","8,932","776","479","673","559,393","166,526","96,568","106,148","12,036","30,476","73,889","73,750","12,540","2,930","3,739","1,991","3,880","570,424","532,751","187,496","79,875","87,878","9,467","","20,612,439","16,027,408","3,583,291","167,446","708,195","42,968","664,982","","20,612,439","5,126,578","729,046","1,067,747","1,492,334","1,837,451","15,485,861","11,271,384","3,162,469","38,654","550,606","10,290","70,928","381,530","25,681","355,849","9,302,140","","14,732,562","7,069,349","7,663,213"
"    Percent","","20,612,439","48.9%","51.1%","5.4%","5.5%","5.7%","5.9%","6.1%","12.9%","12.0%","13.4%","6.9%","6.4%","11.1%","6.2%","2.6%","(X)","79.9%","76.2%","23.6%","19.8%","16,467,299","48.3%","51.7%","4,090,764","45.0%","55.0%","","20,612,439","97.4%","2.6%","97.4%","75.6%","16.1%","0.3%","0.0%","0.0%","0.0%","0.0%","2.7%","0.8%","0.5%","0.5%","0.1%","0.1%","0.4%","0.4%","0.1%","0.0%","0.0%","0.0%","0.0%","2.8%","2.6%","0.9%","0.4%","0.4%","0.0%","","20,612,439","77.8%","17.4%","0.8%","3.4%","0.2%","3.2%","","20,612,439","24.9%","3.5%","5.2%","7.2%","8.9%","75.1%","54.7%","15.3%","0.2%","2.7%","0.0%","0.3%","1.9%","0.1%","1.7%","(X)","","14,732,562","48.0%","52.0%"
"Georgia","","","","","","","","","","","","","","","","","","","","","","","","","","","","","","","","","","","","","","","","","","","","","","","","","","","","","","","","","","","","","","","","","","","","","","","","","","","","","","","","","","","","","","","","",""
"    Estimate","","10,310,371","5,018,150","5,292,221","654,878","699,964","723,468","735,575","711,091","1,403,742","1,385,447","1,403,862","657,357","575,853","848,651","378,572","131,911","36.5","7,799,761","7,349,689","1,686,528","1,359,134","7,799,761","3,735,972","4,063,789","1,359,134","589,480","769,654","","10,310,371","10,051,915","258,456","10,051,915","6,054,861","3,254,495","37,939","7,348","196","457","459","398,897","133,115","60,982","23,870","9,489","53,834","51,896","65,711","6,503","1,063","1,789","1,839","1,812","299,220","258,456","88,566","31,169","45,003","14,686","","10,310,371","6,263,135","3,401,427","103,846","471,515","17,918","341,350","","10,310,371","962,334","552,504","100,398","29,783","279,649","9,348,037","5,484,889","3,205,543","17,417","396,429","5,134","32,116","206,509","11,456","195,053","4,219,103","","7,241,281","3,444,627","3,796,654"
"    Percent","","10,310,371","48.7%","51.3%","6.4%","6.8%","7.0%","7.1%","6.9%","13.6%","13.4%","13.6%","6.4%","5.6%","8.2%","3.7%","1.3%","(X)","75.6%","71.3%","16.4%","13.2%","7,799,761","47.9%","52.1%","1,359,134","43.4%","56.6%","","10,310,371","97.5%","2.5%","97.5%","58.7%","31.6%","0.4%","0.1%","0.0%","0.0%","0.0%","3.9%","1.3%","0.6%","0.2%","0.1%","0.5%","0.5%","0.6%","0.1%","0.0%","0.0%","0.0%","0.0%","2.9%","2.5%","0.9%","0.3%","0.4%","0.1%","","10,310,371","60.7%","33.0%","1.0%","4.6%","0.2%","3.3%","","10,310,371","9.3%","5.4%","1.0%","0.3%","2.7%","90.7%","53.2%","31.1%","0.2%","3.8%","0.0%","0.3%","2.0%","0.1%","1.9%","(X)","","7,241,281","47.6%","52.4%"
"Hawaii","","","","","","","","","","","","","","","","","","","","","","","","","","","","","","","","","","","","","","","","","","","","","","","","","","","","","","","","","","","","","","","","","","","","","","","","","","","","","","","","","","","","","","","","",""
"    Estimate","","1,428,557","718,057","710,500","90,722","86,303","83,499","78,057","99,039","205,844","179,339","177,648","91,868","92,697","138,903","66,208","38,430","38.9","1,120,792","1,070,271","299,694","243,541","1,120,792","559,533","561,259","243,541","110,038","133,503","","1,428,557","1,086,878","341,679","1,086,878","357,994","25,898","2,649","659","0","187","16","543,448","3,391","53,099","217,937","177,487","24,630","11,001","55,903","144,568","86,503","2,294","13,174","42,597","12,321","341,679","6,995","9,798","75,351","1,324","","1,428,557","613,488","49,512","33,315","810,627","371,680","30,329","","1,428,557","148,150","42,237","51,384","2,622","51,907","1,280,407","315,242","24,389","1,718","527,847","131,672","1,852","277,687","2,426","275,261","537,170","","1,018,631","518,894","499,737"
"    Percent","","1,428,557","50.3%","49.7%","6.4%","6.0%","5.8%","5.5%","6.9%","14.4%","12.6%","12.4%","6.4%","6.5%","9.7%","4.6%","2.7%","(X)","78.5%","74.9%","21.0%","17.0%","1,120,792","49.9%","50.1%","243,541","45.2%","54.8%","","1,428,557","76.1%","23.9%","76.1%","25.1%","1.8%","0.2%","0.0%","0.0%","0.0%","0.0%","38.0%","0.2%","3.7%","15.3%","12.4%","1.7%","0.8%","3.9%","10.1%","6.1%","0.2%","0.9%","3.0%","0.9%","23.9%","0.5%","0.7%","5.3%","0.1%","","1,428,557","42.9%","3.5%","2.3%","56.7%","26.0%","2.1%","","1,428,557","10.4%","3.0%","3.6%","0.2%","3.6%","89.6%","22.1%","1.7%","0.1%","36.9%","9.2%","0.1%","19.4%","0.2%","19.3%","(X)","","1,018,631","50.9%","49.1%"
"Idaho","","","","","","","","","","","","","","","","","","","","","","","","","","","","","","","","","","","","","","","","","","","","","","","","","","","","","","","","","","","","","","","","","","","","","","","","","","","","","","","","","","","","","","","","",""
"    Estimate","","1,683,140","841,203","841,937","114,143","126,367","121,833","121,495","112,037","220,555","205,831","198,153","105,199","101,365","155,183","72,091","28,888","36.1","1,246,683","1,174,020","317,211","256,162","1,246,683","616,842","629,841","256,162","120,817","135,345","","1,683,140","1,641,070","42,070","1,641,070","1,510,119","11,437","26,596","1,355","529","611","1,230","24,406","4,441","6,370","4,175","3,520","1,349","1,057","3,494","2,375","435","340","468","1,132","66,137","42,070","5,295","13,995","9,756","317","","1,683,140","1,548,224","18,885","42,982","38,289","5,946","73,268","","1,683,140","207,248","182,745","2,282","532","21,689","1,475,892","1,385,885","10,184","21,522","22,993","1,910","702","32,696","1,554","31,142","700,829","","1,191,262","589,252","602,010"
"    Percent","","1,683,140","50.0%","50.0%","6.8%","7.5%","7.2%","7.2%","6.7%","13.1%","12.2%","11.8%","6.3%","6.0%","9.2%","4.3%","1.7%","(X)","74.1%","69.8%","18.8%","15.2%","1,246,683","49.5%","50.5%","256,162","47.2%","52.8%","","1,683,140","97.5%","2.5%","97.5%","89.7%","0.7%","1.6%","0.1%","0.0%","0.0%","0.1%","1.5%","0.3%","0.4%","0.2%","0.2%","0.1%","0.1%","0.2%","0.1%","0.0%","0.0%","0.0%","0.1%","3.9%","2.5%","0.3%","0.8%","0.6%","0.0%","","1,683,140","92.0%","1.1%","2.6%","2.3%","0.4%","4.4%","","1,683,140","12.3%","10.9%","0.1%","0.0%","1.3%","87.7%","82.3%","0.6%","1.3%","1.4%","0.1%","0.0%","1.9%","0.1%","1.9%","(X)","","1,191,262","49.5%","50.5%"
"Illinois","","","","","","","","","","","","","","","","","","","","","","","","","","","","","","","","","","","","","","","","","","","","","","","","","","","","","","","","","","","","","","","","","","","","","","","","","","","","","","","","","","","","","","","","",""
"    Estimate","","12,801,539","6,289,724","6,511,815","769,490","807,357","830,625","854,774","874,074","1,765,751","1,654,483","1,716,447","860,048","795,660","1,073,859","541,813","257,158","37.9","9,878,820","9,365,265","2,327,183","1,872,830","9,878,820","4,796,996","5,081,824","1,872,830","811,520","1,061,310","","12,801,539","12,480,128","321,411","12,480,128","9,123,763","1,813,477","30,470","3,633","1,849","402","1,173","684,783","239,310","131,627","117,460","20,917","56,237","27,735","91,497","4,851","1,529","1,160","1,265","897","822,784","321,411","93,595","40,797","75,143","8,818","","12,801,539","9,402,346","1,950,134","98,929","786,820","15,061","895,742","","12,801,539","2,178,790","1,723,723","209,638","27,232","218,197","10,622,749","7,886,677","1,790,654","15,415","679,106","3,126","18,718","229,053","11,116","217,937","5,327,165","","9,038,458","4,355,252","4,683,206"
"    Percent","","12,801,539","49.1%","50.9%","6.0%","6.3%","6.5%","6.7%","6.8%","13.8%","12.9%","13.4%","6.7%","6.2%","8.4%","4.2%","2.0%","(X)","77.2%","73.2%","18.2%","14.6%","9,878,820","48.6%","51.4%","1,872,830","43.3%","56.7%","","12,801,539","97.5%","2.5%","97.5%","71.3%","14.2%","0.2%","0.0%","0.0%","0.0%","0.0%","5.3%","1.9%","1.0%","0.9%","0.2%","0.4%","0.2%","0.7%","0.0%","0.0%","0.0%","0.0%","0.0%","6.4%","2.5%","0.7%","0.3%","0.6%","0.1%","","12,801,539","73.4%","15.2%","0.8%","6.1%","0.1%","7.0%","","12,801,539","17.0%","13.5%","1.6%","0.2%","1.7%","83.0%","61.6%","14.0%","0.1%","5.3%","0.0%","0.1%","1.8%","0.1%","1.7%","(X)","","9,038,458","48.2%","51.8%"
"Indiana","","","","","","","","","","","","","","","","","","","","","","","","","","","","","","","","","","","","","","","","","","","","","","","","","","","","","","","","","","","","","","","","","","","","","","","","","","","","","","","","","","","","","","","","",""
"    Estimate","","6,633,053","3,267,337","3,365,716","420,367","444,103","437,512","464,192","474,303","857,485","813,214","864,269","449,806","414,463","579,237","290,399","123,703","37.6","5,055,520","4,766,764","1,239,488","993,339","5,055,520","2,458,014","2,597,506","993,339","434,753","558,586","","6,633,053","6,474,410","158,643","6,474,410","5,536,418","617,745","17,515","4,632","1,030","0","232","141,451","37,833","35,646","12,062","4,893","12,858","7,727","30,432","3,526","1,221","626","735","944","157,755","158,643","74,924","24,980","25,729","2,398","","6,633,053","5,685,793","704,428","50,494","172,555","8,155","177,946","","6,633,053","448,079","333,850","35,460","6,227","72,542","6,184,974","5,273,458","608,667","13,870","140,694","2,786","10,478","135,021","3,555","131,466","2,854,595","","4,867,305","2,357,022","2,510,283"
"    Percent","","6,633,053","49.3%","50.7%","6.3%","6.7%","6.6%","7.0%","7.2%","12.9%","12.3%","13.0%","6.8%","6.2%","8.7%","4.4%","1.9%","(X)","76.2%","71.9%","18.7%","15.0%","5,055,520","48.6%","51.4%","993,339","43.8%","56.2%","","6,633,053","97.6%","2.4%","97.6%","83.5%","9.3%","0.3%","0.1%","0.0%","0.0%","0.0%","2.1%","0.6%","0.5%","0.2%","0.1%","0.2%","0.1%","0.5%","0.1%","0.0%","0.0%","0.0%","0.0%","2.4%","2.4%","1.1%","0.4%","0.4%","0.0%","","6,633,053","85.7%","10.6%","0.8%","2.6%","0.1%","2.7%","","6,633,053","6.8%","5.0%","0.5%","0.1%","1.1%","93.2%","79.5%","9.2%","0.2%","2.1%","0.0%","0.2%","2.0%","0.1%","2.0%","(X)","","4,867,305","48.4%","51.6%"
"Iowa","","","","","","","","","","","","","","","","","","","","","","","","","","","","","","","","","","","","","","","","","","","","","","","","","","","","","","","","","","","","","","","","","","","","","","","","","","","","","","","","","","","","","","","","",""
"    Estimate","","3,134,693","1,556,668","1,578,025","197,487","203,791","203,968","219,509","222,918","395,052","369,788","391,352","212,454","204,632","281,065","153,991","78,686","38.0","2,407,726","2,261,895","636,828","513,742","2,407,726","1,183,019","1,224,707","513,742","227,947","285,795","","3,134,693","3,077,400","57,293","3,077,400","2,834,162","111,867","10,488","717","624","81","1,083","74,805","16,588","17,039","4,195","1,136","6,110","7,274","22,463","3,949","1,318","146","29","2,456","42,129","57,293","25,713","11,606","10,381","1,071","","3,134,693","2,887,953","142,363","25,409","87,194","5,904","46,455","","3,134,693","179,062","135,179","7,970","1,585","34,328","2,955,631","2,708,501","108,502","8,662","74,554","3,700","2,784","48,928","684","48,244","1,380,087","","2,320,932","1,136,082","1,184,850"
"    Percent","","3,134,693","49.7%","50.3%","6.3%","6.5%","6.5%","7.0%","7.1%","12.6%","11.8%","12.5%","6.8%","6.5%","9.0%","4.9%","2.5%","(X)","76.8%","72.2%","20.3%","16.4%","2,407,726","49.1%","50.9%","513,742","44.4%","55.6%","","3,134,693","98.2%","1.8%","98.2%","90.4%","3.6%","0.3%","0.0%","0.0%","0.0%","0.0%","2.4%","0.5%","0.5%","0.1%","0.0%","0.2%","0.2%","0.7%","0.1%","0.0%","0.0%","0.0%","0.1%","1.3%","1.8%","0.8%","0.4%","0.3%","0.0%","","3,134,693","92.1%","4.5%","0.8%","2.8%","0.2%","1.5%","","3,134,693","5.7%","4.3%","0.3%","0.1%","1.1%","94.3%","86.4%","3.5%","0.3%","2.4%","0.1%","0.1%","1.6%","0.0%","1.5%","(X)","","2,320,932","48.9%","51.1%"
"Kansas","","","","","","","","","","","","","","","","","","","","","","","","","","","","","","","","","","","","","","","","","","","","","","","","","","","","","","","","","","","","","","","","","","","","","","","","","","","","","","","","","","","","","","","","",""
"    Estimate","","2,907,289","1,448,853","1,458,436","197,406","202,670","196,909","205,526","212,842","377,168","353,348","350,511","195,172","178,066","247,334","127,211","63,126","36.5","2,192,370","2,057,995","544,770","437,671","2,192,370","1,081,183","1,111,187","437,671","195,723","241,948","","2,907,289","2,803,923","103,366","2,803,923","2,458,966","166,551","21,620","5,043","289","659","460","79,741","18,060","12,128","4,029","1,989","6,291","16,032","21,212","2,922","344","756","571","1,251","74,123","103,366","32,561","29,372","16,110","4,019","","2,907,289","2,554,809","211,231","62,907","100,795","6,667","83,646","","2,907,289","336,909","271,754","10,836","4,916","49,403","2,570,380","2,216,482","161,027","18,397","79,100","2,922","3,221","89,231","728","88,503","1,259,870","","2,077,911","1,021,886","1,056,025"
"    Percent","","2,907,289","49.8%","50.2%","6.8%","7.0%","6.8%","7.1%","7.3%","13.0%","12.2%","12.1%","6.7%","6.1%","8.5%","4.4%","2.2%","(X)","75.4%","70.8%","18.7%","15.1%","2,192,370","49.3%","50.7%","437,671","44.7%","55.3%","","2,907,289","96.4%","3.6%","96.4%","84.6%","5.7%","0.7%","0.2%","0.0%","0.0%","0.0%","2.7%","0.6%","0.4%","0.1%","0.1%","0.2%","0.6%","0.7%","0.1%","0.0%","0.0%","0.0%","0.0%","2.5%","3.6%","1.1%","1.0%","0.6%","0.1%","","2,907,289","87.9%","7.3%","2.2%","3.5%","0.2%","2.9%","","2,907,289","11.6%","9.3%","0.4%","0.2%","1.7%","88.4%","76.2%","5.5%","0.6%","2.7%","0.1%","0.1%","3.1%","0.0%","3.0%","(X)","","2,077,911","49.2%","50.8%"
"Kentucky","","","","","","","","","","","","","","","","","","","","","","","","","","","","","","","","","","","","","","","","","","","","","","","","","","","","","","","","","","","","","","","","","","","","","","","","","","","","","","","","","","","","","","","","",""
"    Estimate","","4,436,974","2,179,814","2,257,160","272,949","278,563","284,772","306,625","298,556","564,723","556,258","597,239","305,536","284,228","411,310","200,382","75,833","38.7","3,424,517","3,233,131","856,122","687,525","3,424,517","1,661,682","1,762,835","687,525","303,409","384,116","","4,436,974","4,344,839","92,135","4,344,839","3,866,333","366,157","11,140","4,838","1,225","209","566","61,311","15,891","7,461","3,614","5,486","6,245","6,653","15,961","2,307","492","195","615","1,005","37,591","92,135","45,831","16,024","12,575","2,535","","4,436,974","3,951,092","420,332","32,270","77,104","3,886","48,015","","4,436,974","151,920","86,110","16,967","14,333","34,510","4,285,054","3,765,752","360,428","10,692","60,837","1,934","7,172","78,239","1,332","76,907","1,965,577","","3,342,304","1,616,156","1,726,148"
"    Percent","","4,436,974","49.1%","50.9%","6.2%","6.3%","6.4%","6.9%","6.7%","12.7%","12.5%","13.5%","6.9%","6.4%","9.3%","4.5%","1.7%","(X)","77.2%","72.9%","19.3%","15.5%","3,424,517","48.5%","51.5%","687,525","44.1%","55.9%","","4,436,974","97.9%","2.1%","97.9%","87.1%","8.3%","0.3%","0.1%","0.0%","0.0%","0.0%","1.4%","0.4%","0.2%","0.1%","0.1%","0.1%","0.1%","0.4%","0.1%","0.0%","0.0%","0.0%","0.0%","0.8%","2.1%","1.0%","0.4%","0.3%","0.1%","","4,436,974","89.0%","9.5%","0.7%","1.7%","0.1%","1.1%","","4,436,974","3.4%","1.9%","0.4%","0.3%","0.8%","96.6%","84.9%","8.1%","0.2%","1.4%","0.0%","0.2%","1.8%","0.0%","1.7%","(X)","","3,342,304","48.4%","51.6%"
"Louisiana","","","","","","","","","","","","","","","","","","","","","","","","","","","","","","","","","","","","","","","","","","","","","","","","","","","","","","","","","","","","","","","","","","","","","","","","","","","","","","","","","","","","","","","","",""
"    Estimate","","4,681,666","2,291,880","2,389,786","306,963","305,789","317,199","315,906","320,789","671,108","583,366","587,387","314,579","284,401","403,859","193,434","76,886","36.5","3,564,385","3,365,041","834,371","674,179","3,564,385","1,719,143","1,845,242","674,179","294,468","379,711","","4,681,666","4,588,917","92,749","4,588,917","2,901,495","1,514,755","25,508","N","N","N","N","77,921","9,329","13,751","7,813","2,749","2,616","29,507","12,156","1,030","426","336","0","268","68,208","92,749","32,770","24,896","11,400","3,447","","4,681,666","2,984,864","1,563,466","63,061","93,530","2,995","76,949","","4,681,666","231,168","94,345","14,868","9,558","112,397","4,450,498","2,754,601","1,502,898","24,319","77,518","562","7,665","82,935","2,328","80,607","2,037,067","","3,466,716","1,666,194","1,800,522"
"    Percent","","4,681,666","49.0%","51.0%","6.6%","6.5%","6.8%","6.7%","6.9%","14.3%","12.5%","12.5%","6.7%","6.1%","8.6%","4.1%","1.6%","(X)","76.1%","71.9%","17.8%","14.4%","3,564,385","48.2%","51.8%","674,179","43.7%","56.3%","","4,681,666","98.0%","2.0%","98.0%","62.0%","32.4%","0.5%","N","N","N","N","1.7%","0.2%","0.3%","0.2%","0.1%","0.1%","0.6%","0.3%","0.0%","0.0%","0.0%","0.0%","0.0%","1.5%","2.0%","0.7%","0.5%","0.2%","0.1%","","4,681,666","63.8%","33.4%","1.3%","2.0%","0.1%","1.6%","","4,681,666","4.9%","2.0%","0.3%","0.2%","2.4%","95.1%","58.8%","32.1%","0.5%","1.7%","0.0%","0.2%","1.8%","0.0%","1.7%","(X)","","3,466,716","48.1%","51.9%"
"Maine","","","","","","","","","","","","","","","","","","","","","","","","","","","","","","","","","","","","","","","","","","","","","","","","","","","","","","","","","","","","","","","","","","","","","","","","","","","","","","","","","","","","","","","","",""
"    Estimate","","1,331,479","650,702","680,777","63,941","74,853","68,957","82,094","75,065","157,452","151,647","191,625","109,241","99,952","151,780","69,676","35,196","44.5","1,076,528","1,024,854","313,413","256,652","1,076,528","520,512","556,016","256,652","116,423","140,229","","1,331,479","1,305,139","26,340","1,305,139","1,257,120","19,963","7,893","N","N","N","N","17,499","1,883","5,820","2,606","531","1,163","1,611","3,885","214","N","N","N","N","2,450","26,340","5,433","12,380","5,142","102","","1,331,479","1,282,395","26,592","21,517","23,732","1,668","3,256","","1,331,479","20,714","5,117","5,363","1,260","8,974","1,310,765","1,243,607","17,963","7,130","17,499","214","900","23,452","265","23,187","730,786","","1,056,891","511,896","544,995"
"    Percent","","1,331,479","48.9%","51.1%","4.8%","5.6%","5.2%","6.2%","5.6%","11.8%","11.4%","14.4%","8.2%","7.5%","11.4%","5.2%","2.6%","(X)","80.9%","77.0%","23.5%","19.3%","1,076,528","48.4%","51.6%","256,652","45.4%","54.6%","","1,331,479","98.0%","2.0%","98.0%","94.4%","1.5%","0.6%","N","N","N","N","1.3%","0.1%","0.4%","0.2%","0.0%","0.1%","0.1%","0.3%","0.0%","N","N","N","N","0.2%","2.0%","0.4%","0.9%","0.4%","0.0%","","1,331,479","96.3%","2.0%","1.6%","1.8%","0.1%","0.2%","","1,331,479","1.6%","0.4%","0.4%","0.1%","0.7%","98.4%","93.4%","1.3%","0.5%","1.3%","0.0%","0.1%","1.8%","0.0%","1.7%","(X)","","1,056,891","48.4%","51.6%"
"Maryland","","","","","","","","","","","","","","","","","","","","","","","","","","","","","","","","","","","","","","","","","","","","","","","","","","","","","","","","","","","","","","","","","","","","","","","","","","","","","","","","","","","","","","","","",""
"    Estimate","","6,016,447","2,917,773","3,098,674","362,895","376,707","374,531","385,317","394,489","832,284","765,502","854,684","421,724","371,866","518,401","247,593","110,454","38.5","4,670,295","4,441,566","1,094,990","876,448","4,670,295","2,228,185","2,442,110","876,448","378,312","498,136","","6,016,447","5,815,406","201,041","5,815,406","3,397,255","1,793,593","15,234","2,728","434","180","123","376,518","96,685","85,000","42,758","8,758","51,068","34,103","58,146","2,480","734","594","322","830","230,326","201,041","67,328","15,865","50,182","12,450","","6,016,447","3,557,526","1,903,321","58,850","449,268","11,852","254,887","","6,016,447","586,730","94,869","50,543","14,880","426,438","5,429,717","3,092,525","1,765,641","12,217","374,779","2,101","15,752","166,702","5,944","160,758","2,447,211","","4,260,093","2,021,014","2,239,079"
"    Percent","","6,016,447","48.5%","51.5%","6.0%","6.3%","6.2%","6.4%","6.6%","13.8%","12.7%","14.2%","7.0%","6.2%","8.6%","4.1%","1.8%","(X)","77.6%","73.8%","18.2%","14.6%","4,670,295","47.7%","52.3%","876,448","43.2%","56.8%","","6,016,447","96.7%","3.3%","96.7%","56.5%","29.8%","0.3%","0.0%","0.0%","0.0%","0.0%","6.3%","1.6%","1.4%","0.7%","0.1%","0.8%","0.6%","1.0%","0.0%","0.0%","0.0%","0.0%","0.0%","3.8%","3.3%","1.1%","0.3%","0.8%","0.2%","","6,016,447","59.1%","31.6%","1.0%","7.5%","0.2%","4.2%","","6,016,447","9.8%","1.6%","0.8%","0.2%","7.1%","90.2%","51.4%","29.3%","0.2%","6.2%","0.0%","0.3%","2.8%","0.1%","2.7%","(X)","","4,260,093","47.4%","52.6%"
"Massachusetts","","","","","","","","","","","","","","","","","","","","","","","","","","","","","","","","","","","","","","","","","","","","","","","","","","","","","","","","","","","","","","","","","","","","","","","","","","","","","","","","","","","","","","","","",""
"    Estimate","","6,811,779","3,305,817","3,505,962","359,774","364,085","404,687","459,893","495,825","950,957","826,713","960,054","481,240","434,126","612,922","307,411","154,092","39.5","5,432,832","5,114,534","1,330,016","1,074,425","5,432,832","2,601,274","2,831,558","1,074,425","463,436","610,989","","6,811,779","6,599,414","212,365","6,599,414","5,350,175","506,677","12,547","619","578","383","0","440,845","100,695","159,379","14,808","9,793","21,040","55,169","79,961","3,758","1,226","671","478","1,383","285,412","212,365","93,694","18,638","42,365","4,069","","6,811,779","5,536,798","627,509","46,254","500,157","11,125","318,688","","6,811,779","779,696","51,118","319,042","11,209","398,327","6,032,083","4,928,862","456,681","8,154","438,614","3,006","59,495","137,271","10,523","126,748","2,858,087","","4,948,041","2,355,624","2,592,417"
"    Percent","","6,811,779","48.5%","51.5%","5.3%","5.3%","5.9%","6.8%","7.3%","14.0%","12.1%","14.1%","7.1%","6.4%","9.0%","4.5%","2.3%","(X)","79.8%","75.1%","19.5%","15.8%","5,432,832","47.9%","52.1%","1,074,425","43.1%","56.9%","","6,811,779","96.9%","3.1%","96.9%","78.5%","7.4%","0.2%","0.0%","0.0%","0.0%","0.0%","6.5%","1.5%","2.3%","0.2%","0.1%","0.3%","0.8%","1.2%","0.1%","0.0%","0.0%","0.0%","0.0%","4.2%","3.1%","1.4%","0.3%","0.6%","0.1%","","6,811,779","81.3%","9.2%","0.7%","7.3%","0.2%","4.7%","","6,811,779","11.4%","0.8%","4.7%","0.2%","5.8%","88.6%","72.4%","6.7%","0.1%","6.4%","0.0%","0.9%","2.0%","0.2%","1.9%","(X)","","4,948,041","47.6%","52.4%"
"Michigan","","","","","","","","","","","","","","","","","","","","","","","","","","","","","","","","","","","","","","","","","","","","","","","","","","","","","","","","","","","","","","","","","","","","","","","","","","","","","","","","","","","","","","","","",""
"    Estimate","","9,928,300","4,883,220","5,045,080","571,663","599,374","618,799","672,620","705,442","1,248,301","1,158,269","1,349,140","729,622","666,005","940,210","458,117","210,738","39.7","7,737,117","7,318,641","1,996,629","1,609,065","7,737,117","3,763,553","3,973,564","1,609,065","715,138","893,927","","9,928,300","9,622,080","306,220","9,622,080","7,793,481","1,363,336","51,161","3,389","21,322","205","188","292,514","102,706","60,637","22,466","12,177","24,162","17,586","52,780","2,967","1,352","640","366","609","118,621","306,220","107,431","68,745","55,360","16,461","","9,928,300","8,068,217","1,514,424","157,645","362,199","9,838","148,293","","9,928,300","491,430","361,630","45,826","12,783","71,191","9,436,870","7,474,930","1,347,079","42,919","291,323","2,462","15,319","262,838","6,589","256,249","4,560,164","","7,453,953","3,616,641","3,837,312"
"    Percent","","9,928,300","49.2%","50.8%","5.8%","6.0%","6.2%","6.8%","7.1%","12.6%","11.7%","13.6%","7.3%","6.7%","9.5%","4.6%","2.1%","(X)","77.9%","73.7%","20.1%","16.2%","7,737,117","48.6%","51.4%","1,609,065","44.4%","55.6%","","9,928,300","96.9%","3.1%","96.9%","78.5%","13.7%","0.5%","0.0%","0.2%","0.0%","0.0%","2.9%","1.0%","0.6%","0.2%","0.1%","0.2%","0.2%","0.5%","0.0%","0.0%","0.0%","0.0%","0.0%","1.2%","3.1%","1.1%","0.7%","0.6%","0.2%","","9,928,300","81.3%","15.3%","1.6%","3.6%","0.1%","1.5%","","9,928,300","4.9%","3.6%","0.5%","0.1%","0.7%","95.1%","75.3%","13.6%","0.4%","2.9%","0.0%","0.2%","2.6%","0.1%","2.6%","(X)","","7,453,953","48.5%","51.5%"
"Minnesota","","","","","","","","","","","","","","","","","","","","","","","","","","","","","","","","","","","","","","","","","","","","","","","","","","","","","","","","","","","","","","","","","","","","","","","","","","","","","","","","","","","","","","","","",""
"    Estimate","","5,519,952","2,747,946","2,772,006","351,080","367,625","354,541","356,368","365,055","744,809","680,392","727,552","392,973","349,222","471,206","237,811","121,318","37.9","4,231,329","4,014,824","1,035,289","830,335","4,231,329","2,087,052","2,144,277","830,335","373,937","456,398","","5,519,952","5,363,306","156,646","5,363,306","4,596,566","331,308","63,229","166","40,191","161","5,955","258,899","41,620","31,632","13,562","4,918","17,023","32,163","117,981","1,452","474","399","106","473","111,852","156,646","51,252","30,632","38,810","4,164","","5,519,952","4,738,455","399,885","106,393","310,723","6,487","127,686","","5,519,952","288,460","198,322","13,257","4,289","72,592","5,231,492","4,444,184","325,256","57,795","257,673","1,255","7,324","138,005","3,183","134,822","2,409,701","","4,036,966","1,986,327","2,050,639"
"    Percent","","5,519,952","49.8%","50.2%","6.4%","6.7%","6.4%","6.5%","6.6%","13.5%","12.3%","13.2%","7.1%","6.3%","8.5%","4.3%","2.2%","(X)","76.7%","72.7%","18.8%","15.0%","4,231,329","49.3%","50.7%","830,335","45.0%","55.0%","","5,519,952","97.2%","2.8%","97.2%","83.3%","6.0%","1.1%","0.0%","0.7%","0.0%","0.1%","4.7%","0.8%","0.6%","0.2%","0.1%","0.3%","0.6%","2.1%","0.0%","0.0%","0.0%","0.0%","0.0%","2.0%","2.8%","0.9%","0.6%","0.7%","0.1%","","5,519,952","85.8%","7.2%","1.9%","5.6%","0.1%","2.3%","","5,519,952","5.2%","3.6%","0.2%","0.1%","1.3%","94.8%","80.5%","5.9%","1.0%","4.7%","0.0%","0.1%","2.5%","0.1%","2.4%","(X)","","4,036,966","49.2%","50.8%"
"Mississippi","","","","","","","","","","","","","","","","","","","","","","","","","","","","","","","","","","","","","","","","","","","","","","","","","","","","","","","","","","","","","","","","","","","","","","","","","","","","","","","","","","","","","","","","",""
"    Estimate","","2,988,726","1,440,934","1,547,792","186,830","205,379","208,359","219,814","211,322","378,612","374,600","375,436","195,279","183,461","270,109","128,542","50,983","37.2","2,265,573","2,121,473","559,944","449,634","2,265,573","1,075,388","1,190,185","449,634","195,265","254,369","","2,988,726","2,954,874","33,852","2,954,874","1,748,734","1,134,958","13,260","N","N","N","N","26,708","3,917","5,214","5,476","1,715","1,520","5,674","3,192","631","N","N","N","N","30,583","33,852","12,855","7,490","4,615","2,520","","2,988,726","1,778,264","1,153,632","24,589","33,524","2,039","33,014","","2,988,726","86,733","53,333","9,405","2,093","21,902","2,901,993","1,698,241","1,131,449","12,939","26,685","631","2,529","29,519","672","28,847","1,307,492","","2,233,124","1,058,809","1,174,315"
"    Percent","","2,988,726","48.2%","51.8%","6.3%","6.9%","7.0%","7.4%","7.1%","12.7%","12.5%","12.6%","6.5%","6.1%","9.0%","4.3%","1.7%","(X)","75.8%","71.0%","18.7%","15.0%","2,265,573","47.5%","52.5%","449,634","43.4%","56.6%","","2,988,726","98.9%","1.1%","98.9%","58.5%","38.0%","0.4%","N","N","N","N","0.9%","0.1%","0.2%","0.2%","0.1%","0.1%","0.2%","0.1%","0.0%","N","N","N","N","1.0%","1.1%","0.4%","0.3%","0.2%","0.1%","","2,988,726","59.5%","38.6%","0.8%","1.1%","0.1%","1.1%","","2,988,726","2.9%","1.8%","0.3%","0.1%","0.7%","97.1%","56.8%","37.9%","0.4%","0.9%","0.0%","0.1%","1.0%","0.0%","1.0%","(X)","","2,233,124","47.4%","52.6%"
"Missouri","","","","","","","","","","","","","","","","","","","","","","","","","","","","","","","","","","","","","","","","","","","","","","","","","","","","","","","","","","","","","","","","","","","","","","","","","","","","","","","","","","","","","","","","",""
"    Estimate","","6,093,000","2,994,651","3,098,349","371,532","383,413","394,332","416,251","406,458","799,577","737,255","792,112","434,237","380,854","560,897","289,682","126,400","38.4","4,702,936","4,441,253","1,194,302","976,979","4,702,936","2,280,183","2,422,753","976,979","430,358","546,621","","6,093,000","5,942,900","150,100","5,942,900","5,011,507","702,946","30,888","10,274","521","654","519","117,335","27,981","29,469","11,756","2,897","8,065","19,074","18,093","9,193","1,739","1,884","683","4,887","71,031","150,100","57,760","38,127","25,112","3,861","","6,093,000","5,150,148","777,140","80,414","151,203","13,108","81,542","","6,093,000","243,567","167,241","13,955","6,614","55,757","5,849,433","4,852,074","698,734","27,492","116,024","7,521","10,479","137,109","2,435","134,674","2,760,226","","4,584,987","2,219,774","2,365,213"
"    Percent","","6,093,000","49.1%","50.9%","6.1%","6.3%","6.5%","6.8%","6.7%","13.1%","12.1%","13.0%","7.1%","6.3%","9.2%","4.8%","2.1%","(X)","77.2%","72.9%","19.6%","16.0%","4,702,936","48.5%","51.5%","976,979","44.0%","56.0%","","6,093,000","97.5%","2.5%","97.5%","82.3%","11.5%","0.5%","0.2%","0.0%","0.0%","0.0%","1.9%","0.5%","0.5%","0.2%","0.0%","0.1%","0.3%","0.3%","0.2%","0.0%","0.0%","0.0%","0.1%","1.2%","2.5%","0.9%","0.6%","0.4%","0.1%","","6,093,000","84.5%","12.8%","1.3%","2.5%","0.2%","1.3%","","6,093,000","4.0%","2.7%","0.2%","0.1%","0.9%","96.0%","79.6%","11.5%","0.5%","1.9%","0.1%","0.2%","2.3%","0.0%","2.2%","(X)","","4,584,987","48.4%","51.6%"
"Montana","","","","","","","","","","","","","","","","","","","","","","","","","","","","","","","","","","","","","","","","","","","","","","","","","","","","","","","","","","","","","","","","","","","","","","","","","","","","","","","","","","","","","","","","",""
"    Estimate","","1,042,520","526,023","516,497","61,143","63,475","65,609","65,750","73,927","126,836","120,268","127,833","77,803","75,995","109,577","52,382","21,922","40.1","813,846","771,118","229,187","183,881","813,846","406,644","407,202","183,881","87,767","96,114","","1,042,520","1,010,302","32,218","1,010,302","927,374","3,949","66,231","591","3,765","338","4,605","8,432","388","2,514","1,986","880","717","829","1,118","578","N","N","N","N","3,738","32,218","4,130","19,408","3,511","318","","1,042,520","957,640","9,759","87,763","14,044","2,254","5,395","","1,042,520","37,090","26,618","2,409","948","7,115","1,005,430","900,884","3,439","62,998","8,326","547","574","28,662","322","28,340","497,749","","804,235","401,606","402,629"
"    Percent","","1,042,520","50.5%","49.5%","5.9%","6.1%","6.3%","6.3%","7.1%","12.2%","11.5%","12.3%","7.5%","7.3%","10.5%","5.0%","2.1%","(X)","78.1%","74.0%","22.0%","17.6%","813,846","50.0%","50.0%","183,881","47.7%","52.3%","","1,042,520","96.9%","3.1%","96.9%","89.0%","0.4%","6.4%","0.1%","0.4%","0.0%","0.4%","0.8%","0.0%","0.2%","0.2%","0.1%","0.1%","0.1%","0.1%","0.1%","N","N","N","N","0.4%","3.1%","0.4%","1.9%","0.3%","0.0%","","1,042,520","91.9%","0.9%","8.4%","1.3%","0.2%","0.5%","","1,042,520","3.6%","2.6%","0.2%","0.1%","0.7%","96.4%","86.4%","0.3%","6.0%","0.8%","0.1%","0.1%","2.7%","0.0%","2.7%","(X)","","804,235","49.9%","50.1%"
"Nebraska","","","","","","","","","","","","","","","","","","","","","","","","","","","","","","","","","","","","","","","","","","","","","","","","","","","","","","","","","","","","","","","","","","","","","","","","","","","","","","","","","","","","","","","","",""
"    Estimate","","1,907,116","950,124","956,992","132,157","132,707","132,814","130,421","135,197","255,384","233,281","228,611","123,171","118,083","158,782","84,903","41,605","36.3","1,433,031","1,348,401","352,584","285,290","1,433,031","708,362","724,669","285,290","127,682","157,608","","1,907,116","1,861,730","45,386","1,861,730","1,674,863","89,879","15,865","732","163","71","4,602","41,548","6,525","7,325","2,094","1,487","2,978","6,318","14,821","1,227","735","299","33","160","38,348","45,386","15,892","8,782","10,045","2,044","","1,907,116","1,715,506","111,022","29,023","54,283","3,794","42,165","","1,907,116","202,449","144,895","3,547","6,991","47,016","1,704,667","1,519,945","87,110","13,963","41,133","1,200","1,719","39,597","530","39,067","827,191","","1,354,457","665,331","689,126"
"    Percent","","1,907,116","49.8%","50.2%","6.9%","7.0%","7.0%","6.8%","7.1%","13.4%","12.2%","12.0%","6.5%","6.2%","8.3%","4.5%","2.2%","(X)","75.1%","70.7%","18.5%","15.0%","1,433,031","49.4%","50.6%","285,290","44.8%","55.2%","","1,907,116","97.6%","2.4%","97.6%","87.8%","4.7%","0.8%","0.0%","0.0%","0.0%","0.2%","2.2%","0.3%","0.4%","0.1%","0.1%","0.2%","0.3%","0.8%","0.1%","0.0%","0.0%","0.0%","0.0%","2.0%","2.4%","0.8%","0.5%","0.5%","0.1%","","1,907,116","90.0%","5.8%","1.5%","2.8%","0.2%","2.2%","","1,907,116","10.6%","7.6%","0.2%","0.4%","2.5%","89.4%","79.7%","4.6%","0.7%","2.2%","0.1%","0.1%","2.1%","0.0%","2.0%","(X)","","1,354,457","49.1%","50.9%"
"Nevada","","","","","","","","","","","","","","","","","","","","","","","","","","","","","","","","","","","","","","","","","","","","","","","","","","","","","","","","","","","","","","","","","","","","","","","","","","","","","","","","","","","","","","","","",""
"    Estimate","","2,940,058","1,473,153","1,466,905","183,361","189,607","190,840","179,975","185,665","424,305","390,373","391,041","186,877","176,253","275,928","126,239","39,594","37.9","2,262,556","2,156,680","542,667","441,761","2,262,556","1,126,972","1,135,584","441,761","208,138","233,623","","2,940,058","2,800,856","139,202","2,800,856","1,966,690","260,993","34,267","1,823","854","2,349","1,135","244,373","12,464","38,018","126,649","12,961","13,865","12,180","28,236","20,240","7,737","4,700","5,473","2,330","274,293","139,202","28,846","18,251","35,430","2,868","","2,940,058","2,077,679","306,810","63,485","305,678","40,951","299,543","","2,940,058","836,626","632,668","26,995","31,067","145,896","2,103,432","1,463,596","249,544","26,593","240,323","18,016","6,566","98,794","2,009","96,785","1,221,759","","1,976,423","988,330","988,093"
"    Percent","","2,940,058","50.1%","49.9%","6.2%","6.4%","6.5%","6.1%","6.3%","14.4%","13.3%","13.3%","6.4%","6.0%","9.4%","4.3%","1.3%","(X)","77.0%","73.4%","18.5%","15.0%","2,262,556","49.8%","50.2%","441,761","47.1%","52.9%","","2,940,058","95.3%","4.7%","95.3%","66.9%","8.9%","1.2%","0.1%","0.0%","0.1%","0.0%","8.3%","0.4%","1.3%","4.3%","0.4%","0.5%","0.4%","1.0%","0.7%","0.3%","0.2%","0.2%","0.1%","9.3%","4.7%","1.0%","0.6%","1.2%","0.1%","","2,940,058","70.7%","10.4%","2.2%","10.4%","1.4%","10.2%","","2,940,058","28.5%","21.5%","0.9%","1.1%","5.0%","71.5%","49.8%","8.5%","0.9%","8.2%","0.6%","0.2%","3.4%","0.1%","3.3%","(X)","","1,976,423","50.0%","50.0%"
"New Hampshire","","","","","","","","","","","","","","","","","","","","","","","","","","","","","","","","","","","","","","","","","","","","","","","","","","","","","","","","","","","","","","","","","","","","","","","","","","","","","","","","","","","","","","","","",""
"    Estimate","","1,334,795","664,722","670,073","64,478","74,122","72,489","87,485","88,635","160,594","152,488","202,258","110,308","95,006","135,174","61,956","29,802","42.7","1,074,954","1,016,615","282,551","226,932","1,074,954","529,482","545,472","226,932","103,323","123,609","","1,334,795","1,306,078","28,717","1,306,078","1,247,155","16,671","1,450","N","N","N","N","32,679","7,493","6,589","2,602","1,156","2,399","2,619","9,821","66","N","N","N","N","8,057","28,717","8,021","7,142","8,556","334","","1,334,795","1,274,258","26,478","10,205","42,487","639","10,887","","1,334,795","47,271","9,917","15,517","1,891","19,946","1,287,524","1,211,076","15,837","1,336","32,455","66","1,645","25,109","712","24,397","625,337","","1,043,880","512,996","530,884"
"    Percent","","1,334,795","49.8%","50.2%","4.8%","5.6%","5.4%","6.6%","6.6%","12.0%","11.4%","15.2%","8.3%","7.1%","10.1%","4.6%","2.2%","(X)","80.5%","76.2%","21.2%","17.0%","1,074,954","49.3%","50.7%","226,932","45.5%","54.5%","","1,334,795","97.8%","2.2%","97.8%","93.4%","1.2%","0.1%","N","N","N","N","2.4%","0.6%","0.5%","0.2%","0.1%","0.2%","0.2%","0.7%","0.0%","N","N","N","N","0.6%","2.2%","0.6%","0.5%","0.6%","0.0%","","1,334,795","95.5%","2.0%","0.8%","3.2%","0.0%","0.8%","","1,334,795","3.5%","0.7%","1.2%","0.1%","1.5%","96.5%","90.7%","1.2%","0.1%","2.4%","0.0%","0.1%","1.9%","0.1%","1.8%","(X)","","1,043,880","49.1%","50.9%"
"New Jersey","","","","","","","","","","","","","","","","","","","","","","","","","","","","","","","","","","","","","","","","","","","","","","","","","","","","","","","","","","","","","","","","","","","","","","","","","","","","","","","","","","","","","","","","",""
"    Estimate","","8,944,469","4,370,211","4,574,258","520,170","550,741","559,949","571,917","570,520","1,157,062","1,151,388","1,294,506","643,214","552,847","781,146","392,236","198,773","39.5","6,960,030","6,628,931","1,685,400","1,372,155","6,960,030","3,355,381","3,604,649","1,372,155","587,005","785,150","","8,944,469","8,707,143","237,326","8,707,143","6,090,908","1,194,585","20,185","N","N","N","N","854,181","375,563","166,587","120,171","14,625","91,324","19,153","66,758","3,754","1,874","422","717","741","543,530","237,326","72,552","16,369","49,642","6,616","","8,944,469","6,278,080","1,315,079","59,227","935,236","11,348","606,064","","8,944,469","1,786,669","245,145","470,143","85,935","985,446","7,157,800","4,966,755","1,130,491","8,810","849,117","2,840","40,991","158,796","17,785","141,011","3,604,688","","6,127,545","2,941,836","3,185,709"
"    Percent","","8,944,469","48.9%","51.1%","5.8%","6.2%","6.3%","6.4%","6.4%","12.9%","12.9%","14.5%","7.2%","6.2%","8.7%","4.4%","2.2%","(X)","77.8%","74.1%","18.8%","15.3%","6,960,030","48.2%","51.8%","1,372,155","42.8%","57.2%","","8,944,469","97.3%","2.7%","97.3%","68.1%","13.4%","0.2%","N","N","N","N","9.5%","4.2%","1.9%","1.3%","0.2%","1.0%","0.2%","0.7%","0.0%","0.0%","0.0%","0.0%","0.0%","6.1%","2.7%","0.8%","0.2%","0.6%","0.1%","","8,944,469","70.2%","14.7%","0.7%","10.5%","0.1%","6.8%","","8,944,469","20.0%","2.7%","5.3%","1.0%","11.0%","80.0%","55.5%","12.6%","0.1%","9.5%","0.0%","0.5%","1.8%","0.2%","1.6%","(X)","","6,127,545","48.0%","52.0%"
"New Mexico","","","","","","","","","","","","","","","","","","","","","","","","","","","","","","","","","","","","","","","","","","","","","","","","","","","","","","","","","","","","","","","","","","","","","","","","","","","","","","","","","","","","","","","","",""
"    Estimate","","2,081,015","1,030,224","1,050,791","125,126","138,035","141,195","144,423","140,855","276,979","249,353","249,585","139,921","133,482","202,780","100,547","38,734","37.7","1,591,501","1,504,479","420,921","342,061","1,591,501","780,393","811,108","342,061","156,095","185,966","","2,081,015","2,015,110","65,905","2,015,110","1,539,634","41,043","194,133","948","429","113,649","1,391","32,346","6,123","5,349","8,083","1,568","1,254","5,671","4,298","1,428","N","N","N","N","206,526","65,905","7,799","16,119","9,641","1,589","","2,081,015","1,594,339","55,675","220,136","46,208","2,977","232,503","","2,081,015","1,009,876","651,681","8,677","4,460","345,058","1,071,139","787,250","37,782","178,176","30,149","1,077","4,299","32,406","2,647","29,759","917,641","","1,481,858","724,398","757,460"
"    Percent","","2,081,015","49.5%","50.5%","6.0%","6.6%","6.8%","6.9%","6.8%","13.3%","12.0%","12.0%","6.7%","6.4%","9.7%","4.8%","1.9%","(X)","76.5%","72.3%","20.2%","16.4%","1,591,501","49.0%","51.0%","342,061","45.6%","54.4%","","2,081,015","96.8%","3.2%","96.8%","74.0%","2.0%","9.3%","0.0%","0.0%","5.5%","0.1%","1.6%","0.3%","0.3%","0.4%","0.1%","0.1%","0.3%","0.2%","0.1%","N","N","N","N","9.9%","3.2%","0.4%","0.8%","0.5%","0.1%","","2,081,015","76.6%","2.7%","10.6%","2.2%","0.1%","11.2%","","2,081,015","48.5%","31.3%","0.4%","0.2%","16.6%","51.5%","37.8%","1.8%","8.6%","1.4%","0.1%","0.2%","1.6%","0.1%","1.4%","(X)","","1,481,858","48.9%","51.1%"
"New York","","","","","","","","","","","","","","","","","","","","","","","","","","","","","","","","","","","","","","","","","","","","","","","","","","","","","","","","","","","","","","","","","","","","","","","","","","","","","","","","","","","","","","","","",""
"    Estimate","","19,745,289","9,582,050","10,163,239","1,159,019","1,154,082","1,144,724","1,247,594","1,386,278","2,886,788","2,460,284","2,708,708","1,342,783","1,224,248","1,715,037","874,198","441,546","38.4","15,565,903","14,759,559","3,734,931","3,030,781","15,565,903","7,446,482","8,119,421","3,030,781","1,293,780","1,737,001","","19,745,289","19,128,428","616,861","19,128,428","12,530,463","3,080,534","73,052","3,581","899","720","423","1,668,036","368,559","717,443","113,322","40,329","128,657","33,050","266,676","9,236","2,455","1,227","1,021","4,533","1,767,107","616,861","184,411","58,155","122,837","17,264","","19,745,289","13,006,279","3,389,796","197,369","1,864,781","30,833","1,928,061","","19,745,289","3,747,614","509,432","1,081,110","70,947","2,086,125","15,997,675","10,962,313","2,829,419","45,228","1,654,883","6,491","106,193","393,148","36,184","356,964","8,232,039","","13,702,460","6,513,994","7,188,466"
"    Percent","","19,745,289","48.5%","51.5%","5.9%","5.8%","5.8%","6.3%","7.0%","14.6%","12.5%","13.7%","6.8%","6.2%","8.7%","4.4%","2.2%","(X)","78.8%","74.7%","18.9%","15.3%","15,565,903","47.8%","52.2%","3,030,781","42.7%","57.3%","","19,745,289","96.9%","3.1%","96.9%","63.5%","15.6%","0.4%","0.0%","0.0%","0.0%","0.0%","8.4%","1.9%","3.6%","0.6%","0.2%","0.7%","0.2%","1.4%","0.0%","0.0%","0.0%","0.0%","0.0%","8.9%","3.1%","0.9%","0.3%","0.6%","0.1%","","19,745,289","65.9%","17.2%","1.0%","9.4%","0.2%","9.8%","","19,745,289","19.0%","2.6%","5.5%","0.4%","10.6%","81.0%","55.5%","14.3%","0.2%","8.4%","0.0%","0.5%","2.0%","0.2%","1.8%","(X)","","13,702,460","47.5%","52.5%"
"North Carolina","","","","","","","","","","","","","","","","","","","","","","","","","","","","","","","","","","","","","","","","","","","","","","","","","","","","","","","","","","","","","","","","","","","","","","","","","","","","","","","","","","","","","","","","",""
"    Estimate","","10,146,788","4,933,381","5,213,407","594,593","644,508","657,271","688,545","684,686","1,321,286","1,304,270","1,385,796","674,152","623,090","944,866","457,145","166,580","38.7","7,849,894","7,422,376","1,937,529","1,568,591","7,849,894","3,756,375","4,093,519","1,568,591","684,988","883,603","","10,146,788","9,877,922","268,866","9,877,922","6,989,065","2,182,212","120,843","16,307","1,832","126","820","275,428","91,769","44,651","17,926","6,247","18,156","35,544","61,135","6,081","2,125","1,640","362","1,954","304,293","268,866","99,800","40,041","40,802","24,008","","10,146,788","7,210,722","2,337,481","205,112","336,661","17,209","333,531","","10,146,788","931,110","535,261","95,915","28,739","271,195","9,215,678","6,438,334","2,144,650","108,345","273,281","5,376","19,620","226,072","5,751","220,321","4,540,697","","7,418,127","3,529,077","3,889,050"
"    Percent","","10,146,788","48.6%","51.4%","5.9%","6.4%","6.5%","6.8%","6.7%","13.0%","12.9%","13.7%","6.6%","6.1%","9.3%","4.5%","1.6%","(X)","77.4%","73.2%","19.1%","15.5%","7,849,894","47.9%","52.1%","1,568,591","43.7%","56.3%","","10,146,788","97.4%","2.6%","97.4%","68.9%","21.5%","1.2%","0.2%","0.0%","0.0%","0.0%","2.7%","0.9%","0.4%","0.2%","0.1%","0.2%","0.4%","0.6%","0.1%","0.0%","0.0%","0.0%","0.0%","3.0%","2.6%","1.0%","0.4%","0.4%","0.2%","","10,146,788","71.1%","23.0%","2.0%","3.3%","0.2%","3.3%","","10,146,788","9.2%","5.3%","0.9%","0.3%","2.7%","90.8%","63.5%","21.1%","1.1%","2.7%","0.1%","0.2%","2.2%","0.1%","2.2%","(X)","","7,418,127","47.6%","52.4%"
"North Dakota","","","","","","","","","","","","","","","","","","","","","","","","","","","","","","","","","","","","","","","","","","","","","","","","","","","","","","","","","","","","","","","","","","","","","","","","","","","","","","","","","","","","","","","","",""
"    Estimate","","757,953","390,181","367,772","54,898","49,715","44,828","48,827","64,670","116,058","86,296","87,234","50,726","44,850","58,910","32,920","18,021","35.0","583,358","548,001","136,247","109,851","583,358","299,206","284,152","109,851","49,533","60,318","","757,953","736,365","21,588","736,365","660,919","19,250","41,649","477","17,445","541","10,524","9,200","790","1,743","2,179","342","551","989","2,606","233","N","N","N","N","5,114","21,588","2,225","10,458","3,500","228","","757,953","681,403","22,571","53,166","13,470","1,887","8,007","","757,953","26,434","17,736","3,037","22","5,639","731,519","644,710","18,815","40,676","9,111","233","127","17,847","149","17,698","368,545","","570,697","292,569","278,128"
"    Percent","","757,953","51.5%","48.5%","7.2%","6.6%","5.9%","6.4%","8.5%","15.3%","11.4%","11.5%","6.7%","5.9%","7.8%","4.3%","2.4%","(X)","77.0%","72.3%","18.0%","14.5%","583,358","51.3%","48.7%","109,851","45.1%","54.9%","","757,953","97.2%","2.8%","97.2%","87.2%","2.5%","5.5%","0.1%","2.3%","0.1%","1.4%","1.2%","0.1%","0.2%","0.3%","0.0%","0.1%","0.1%","0.3%","0.0%","N","N","N","N","0.7%","2.8%","0.3%","1.4%","0.5%","0.0%","","757,953","89.9%","3.0%","7.0%","1.8%","0.2%","1.1%","","757,953","3.5%","2.3%","0.4%","0.0%","0.7%","96.5%","85.1%","2.5%","5.4%","1.2%","0.0%","0.0%","2.4%","0.0%","2.3%","(X)","","570,697","51.3%","48.7%"
"Ohio","","","","","","","","","","","","","","","","","","","","","","","","","","","","","","","","","","","","","","","","","","","","","","","","","","","","","","","","","","","","","","","","","","","","","","","","","","","","","","","","","","","","","","","","",""
"    Estimate","","11,614,373","5,691,600","5,922,773","692,745","711,735","740,373","770,170","777,289","1,500,872","1,380,616","1,546,555","844,210","764,894","1,080,660","552,480","251,774","39.3","9,005,402","8,537,159","2,325,631","1,884,914","9,005,402","4,359,708","4,645,694","1,884,914","822,082","1,062,832","","11,614,373","11,289,941","324,432","11,289,941","9,476,221","1,443,510","18,081","4,679","184","1,145","449","239,025","78,506","51,022","19,036","10,095","16,851","16,754","46,761","4,031","1,417","584","1,083","947","109,073","324,432","158,100","47,001","48,976","12,298","","11,614,373","9,769,334","1,644,622","94,297","305,150","12,117","137,866","","11,614,373","420,081","189,148","122,204","11,553","97,176","11,194,292","9,216,496","1,421,393","15,138","237,401","3,218","19,951","280,695","8,097","272,598","5,164,400","","8,785,985","4,243,751","4,542,234"
"    Percent","","11,614,373","49.0%","51.0%","6.0%","6.1%","6.4%","6.6%","6.7%","12.9%","11.9%","13.3%","7.3%","6.6%","9.3%","4.8%","2.2%","(X)","77.5%","73.5%","20.0%","16.2%","9,005,402","48.4%","51.6%","1,884,914","43.6%","56.4%","","11,614,373","97.2%","2.8%","97.2%","81.6%","12.4%","0.2%","0.0%","0.0%","0.0%","0.0%","2.1%","0.7%","0.4%","0.2%","0.1%","0.1%","0.1%","0.4%","0.0%","0.0%","0.0%","0.0%","0.0%","0.9%","2.8%","1.4%","0.4%","0.4%","0.1%","","11,614,373","84.1%","14.2%","0.8%","2.6%","0.1%","1.2%","","11,614,373","3.6%","1.6%","1.1%","0.1%","0.8%","96.4%","79.4%","12.2%","0.1%","2.0%","0.0%","0.2%","2.4%","0.1%","2.3%","(X)","","8,785,985","48.3%","51.7%"
"Oklahoma","","","","","","","","","","","","","","","","","","","","","","","","","","","","","","","","","","","","","","","","","","","","","","","","","","","","","","","","","","","","","","","","","","","","","","","","","","","","","","","","","","","","","","","","",""
"    Estimate","","3,923,561","1,943,273","1,980,288","264,096","271,613","270,570","265,757","279,889","536,769","477,591","480,811","257,144","231,029","343,384","178,110","66,798","36.4","2,961,605","2,790,483","723,249","588,292","2,961,605","1,448,149","1,513,456","588,292","260,969","327,323","","3,923,561","3,619,955","303,606","3,619,955","2,841,467","287,373","297,948","114,987","850","1,135","732","79,246","13,047","11,707","7,050","2,018","5,703","21,336","18,385","6,143","1,435","516","453","3,739","107,778","303,606","40,183","194,889","18,489","16,061","","3,923,561","3,120,274","356,787","523,624","105,872","12,053","124,081","","3,923,561","403,936","335,695","11,672","3,436","53,133","3,519,625","2,595,562","281,976","283,500","78,185","5,717","4,059","270,626","2,386","268,240","1,721,072","","2,821,838","1,373,215","1,448,623"
"    Percent","","3,923,561","49.5%","50.5%","6.7%","6.9%","6.9%","6.8%","7.1%","13.7%","12.2%","12.3%","6.6%","5.9%","8.8%","4.5%","1.7%","(X)","75.5%","71.1%","18.4%","15.0%","2,961,605","48.9%","51.1%","588,292","44.4%","55.6%","","3,923,561","92.3%","7.7%","92.3%","72.4%","7.3%","7.6%","2.9%","0.0%","0.0%","0.0%","2.0%","0.3%","0.3%","0.2%","0.1%","0.1%","0.5%","0.5%","0.2%","0.0%","0.0%","0.0%","0.1%","2.7%","7.7%","1.0%","5.0%","0.5%","0.4%","","3,923,561","79.5%","9.1%","13.3%","2.7%","0.3%","3.2%","","3,923,561","10.3%","8.6%","0.3%","0.1%","1.4%","89.7%","66.2%","7.2%","7.2%","2.0%","0.1%","0.1%","6.9%","0.1%","6.8%","(X)","","2,821,838","48.7%","51.3%"
"Oregon","","","","","","","","","","","","","","","","","","","","","","","","","","","","","","","","","","","","","","","","","","","","","","","","","","","","","","","","","","","","","","","","","","","","","","","","","","","","","","","","","","","","","","","","",""
"    Estimate","","4,093,465","2,026,038","2,067,427","234,582","241,367","242,789","251,244","265,531","573,033","533,772","514,900","266,668","280,691","416,647","183,372","88,869","39.2","3,225,219","3,067,818","859,085","688,888","3,225,219","1,581,932","1,643,287","688,888","314,742","374,146","","4,093,465","3,885,872","207,593","3,885,872","3,455,810","79,575","45,426","3,732","767","464","793","169,459","23,912","41,388","19,805","14,662","11,914","27,171","30,607","14,823","5,292","864","1,193","7,474","120,779","207,593","25,373","85,176","47,216","809","","4,093,465","3,649,771","116,114","141,215","235,801","36,313","139,013","","4,093,465","522,568","425,080","13,065","5,728","78,695","3,570,897","3,119,464","75,516","36,097","167,053","13,830","5,961","152,976","3,203","149,773","1,732,887","","3,021,486","1,476,827","1,544,659"
"    Percent","","4,093,465","49.5%","50.5%","5.7%","5.9%","5.9%","6.1%","6.5%","14.0%","13.0%","12.6%","6.5%","6.9%","10.2%","4.5%","2.2%","(X)","78.8%","74.9%","21.0%","16.8%","3,225,219","49.0%","51.0%","688,888","45.7%","54.3%","","4,093,465","94.9%","5.1%","94.9%","84.4%","1.9%","1.1%","0.1%","0.0%","0.0%","0.0%","4.1%","0.6%","1.0%","0.5%","0.4%","0.3%","0.7%","0.7%","0.4%","0.1%","0.0%","0.0%","0.2%","3.0%","5.1%","0.6%","2.1%","1.2%","0.0%","","4,093,465","89.2%","2.8%","3.4%","5.8%","0.9%","3.4%","","4,093,465","12.8%","10.4%","0.3%","0.1%","1.9%","87.2%","76.2%","1.8%","0.9%","4.1%","0.3%","0.1%","3.7%","0.1%","3.7%","(X)","","3,021,486","48.9%","51.1%"
"Pennsylvania","","","","","","","","","","","","","","","","","","","","","","","","","","","","","","","","","","","","","","","","","","","","","","","","","","","","","","","","","","","","","","","","","","","","","","","","","","","","","","","","","","","","","","","","",""
"    Estimate","","12,784,227","6,262,870","6,521,357","709,743","730,999","757,881","832,809","830,820","1,674,043","1,481,365","1,737,627","942,174","865,005","1,239,574","648,670","333,517","40.6","10,109,382","9,578,514","2,731,230","2,221,761","10,109,382","4,892,729","5,216,653","2,221,761","965,024","1,256,737","","12,784,227","12,460,473","323,754","12,460,473","10,340,877","1,407,047","23,556","3,312","427","165","181","423,180","136,122","98,972","25,992","5,220","40,200","43,087","73,587","3,417","1,866","331","238","982","262,396","323,754","138,620","41,702","50,616","15,819","","12,784,227","10,618,697","1,599,908","103,259","493,781","12,659","307,169","","12,784,227","900,002","159,155","444,263","22,233","274,351","11,884,225","9,832,127","1,351,705","13,312","420,202","2,446","19,352","245,081","11,714","233,367","5,611,995","","9,740,121","4,704,731","5,035,390"
"    Percent","","12,784,227","49.0%","51.0%","5.6%","5.7%","5.9%","6.5%","6.5%","13.1%","11.6%","13.6%","7.4%","6.8%","9.7%","5.1%","2.6%","(X)","79.1%","74.9%","21.4%","17.4%","10,109,382","48.4%","51.6%","2,221,761","43.4%","56.6%","","12,784,227","97.5%","2.5%","97.5%","80.9%","11.0%","0.2%","0.0%","0.0%","0.0%","0.0%","3.3%","1.1%","0.8%","0.2%","0.0%","0.3%","0.3%","0.6%","0.0%","0.0%","0.0%","0.0%","0.0%","2.1%","2.5%","1.1%","0.3%","0.4%","0.1%","","12,784,227","83.1%","12.5%","0.8%","3.9%","0.1%","2.4%","","12,784,227","7.0%","1.2%","3.5%","0.2%","2.1%","93.0%","76.9%","10.6%","0.1%","3.3%","0.0%","0.2%","1.9%","0.1%","1.8%","(X)","","9,740,121","48.3%","51.7%"
"Rhode Island","","","","","","","","","","","","","","","","","","","","","","","","","","","","","","","","","","","","","","","","","","","","","","","","","","","","","","","","","","","","","","","","","","","","","","","","","","","","","","","","","","","","","","","","",""
"    Estimate","","1,056,426","511,358","545,068","54,144","51,504","64,345","74,014","78,374","142,792","123,033","146,633","78,904","68,628","97,047","49,267","27,741","40.2","847,786","794,614","213,829","174,055","847,786","404,848","442,938","174,055","74,550","99,505","","1,056,426","1,023,539","32,887","1,023,539","850,105","67,526","5,304","N","N","N","N","36,875","7,271","8,140","2,510","1,258","1,696","1,521","14,479","1,437","N","N","N","N","62,292","32,887","10,297","3,374","3,920","2,663","","1,056,426","873,134","86,467","15,512","44,090","3,529","71,037","","1,056,426","157,352","13,115","38,810","2,839","102,588","899,074","768,815","58,523","2,913","36,176","1,237","6,210","25,200","4,138","21,062","462,598","","787,945","372,926","415,019"
"    Percent","","1,056,426","48.4%","51.6%","5.1%","4.9%","6.1%","7.0%","7.4%","13.5%","11.6%","13.9%","7.5%","6.5%","9.2%","4.7%","2.6%","(X)","80.3%","75.2%","20.2%","16.5%","847,786","47.8%","52.2%","174,055","42.8%","57.2%","","1,056,426","96.9%","3.1%","96.9%","80.5%","6.4%","0.5%","N","N","N","N","3.5%","0.7%","0.8%","0.2%","0.1%","0.2%","0.1%","1.4%","0.1%","N","N","N","N","5.9%","3.1%","1.0%","0.3%","0.4%","0.3%","","1,056,426","82.6%","8.2%","1.5%","4.2%","0.3%","6.7%","","1,056,426","14.9%","1.2%","3.7%","0.3%","9.7%","85.1%","72.8%","5.5%","0.3%","3.4%","0.1%","0.6%","2.4%","0.4%","2.0%","(X)","","787,945","47.3%","52.7%"
"South Carolina","","","","","","","","","","","","","","","","","","","","","","","","","","","","","","","","","","","","","","","","","","","","","","","","","","","","","","","","","","","","","","","","","","","","","","","","","","","","","","","","","","","","","","","","",""
"    Estimate","","4,961,119","2,405,343","2,555,776","290,012","309,962","314,620","330,759","327,290","646,998","611,528","643,464","332,488","323,851","514,813","228,442","86,892","39.1","3,861,155","3,647,551","1,018,947","830,147","3,861,155","1,843,725","2,017,430","830,147","367,187","462,960","","4,961,119","4,853,023","108,096","4,853,023","3,342,552","1,337,644","16,010","2,963","992","700","463","76,870","15,428","15,117","16,284","2,679","7,121","8,756","11,485","2,561","669","858","416","618","77,386","108,096","47,081","17,077","16,099","5,625","","4,961,119","3,437,291","1,402,857","45,517","98,824","5,573","88,354","","4,961,119","272,791","150,962","32,848","9,263","79,718","4,688,328","3,161,469","1,328,097","13,805","75,511","2,179","12,827","94,440","1,402","93,038","2,236,262","","3,731,331","1,774,596","1,956,735"
"    Percent","","4,961,119","48.5%","51.5%","5.8%","6.2%","6.3%","6.7%","6.6%","13.0%","12.3%","13.0%","6.7%","6.5%","10.4%","4.6%","1.8%","(X)","77.8%","73.5%","20.5%","16.7%","3,861,155","47.8%","52.2%","830,147","44.2%","55.8%","","4,961,119","97.8%","2.2%","97.8%","67.4%","27.0%","0.3%","0.1%","0.0%","0.0%","0.0%","1.5%","0.3%","0.3%","0.3%","0.1%","0.1%","0.2%","0.2%","0.1%","0.0%","0.0%","0.0%","0.0%","1.6%","2.2%","0.9%","0.3%","0.3%","0.1%","","4,961,119","69.3%","28.3%","0.9%","2.0%","0.1%","1.8%","","4,961,119","5.5%","3.0%","0.7%","0.2%","1.6%","94.5%","63.7%","26.8%","0.3%","1.5%","0.0%","0.3%","1.9%","0.0%","1.9%","(X)","","3,731,331","47.6%","52.4%"
"South Dakota","","","","","","","","","","","","","","","","","","","","","","","","","","","","","","","","","","","","","","","","","","","","","","","","","","","","","","","","","","","","","","","","","","","","","","","","","","","","","","","","","","","","","","","","",""
"    Estimate","","865,454","435,668","429,786","60,892","61,712","58,129","59,375","59,452","111,536","98,662","101,899","60,333","55,895","77,216","39,802","20,551","36.8","651,553","612,266","170,828","137,569","651,553","324,744","326,809","137,569","62,165","75,404","","865,454","843,906","21,548","843,906","732,939","14,524","77,378","296","80","145","65,101","12,953","1,790","1,813","859","481","648","1,693","5,669","218","N","N","N","N","5,894","21,548","4,873","10,595","1,879","408","","865,454","753,376","20,501","89,660","15,830","1,708","7,531","","865,454","32,227","20,802","2,142","757","8,526","833,227","713,315","14,332","73,570","12,901","151","280","18,678","74","18,604","383,827","","635,373","315,615","319,758"
"    Percent","","865,454","50.3%","49.7%","7.0%","7.1%","6.7%","6.9%","6.9%","12.9%","11.4%","11.8%","7.0%","6.5%","8.9%","4.6%","2.4%","(X)","75.3%","70.7%","19.7%","15.9%","651,553","49.8%","50.2%","137,569","45.2%","54.8%","","865,454","97.5%","2.5%","97.5%","84.7%","1.7%","8.9%","0.0%","0.0%","0.0%","7.5%","1.5%","0.2%","0.2%","0.1%","0.1%","0.1%","0.2%","0.7%","0.0%","N","N","N","N","0.7%","2.5%","0.6%","1.2%","0.2%","0.0%","","865,454","87.0%","2.4%","10.4%","1.8%","0.2%","0.9%","","865,454","3.7%","2.4%","0.2%","0.1%","1.0%","96.3%","82.4%","1.7%","8.5%","1.5%","0.0%","0.0%","2.2%","0.0%","2.1%","(X)","","635,373","49.7%","50.3%"
"Tennessee","","","","","","","","","","","","","","","","","","","","","","","","","","","","","","","","","","","","","","","","","","","","","","","","","","","","","","","","","","","","","","","","","","","","","","","","","","","","","","","","","","","","","","","","",""
"    Estimate","","6,651,194","3,247,058","3,404,136","404,168","414,174","427,162","430,207","448,285","886,029","837,897","893,927","444,547","419,543","628,370","307,956","108,929","38.6","5,147,942","4,880,142","1,293,021","1,045,255","5,147,942","2,473,357","2,674,585","1,045,255","460,325","584,930","","6,651,194","6,511,344","139,850","6,511,344","5,177,478","1,114,434","19,053","5,973","402","28","627","116,375","30,772","18,675","12,816","6,316","12,094","9,198","26,504","4,798","1,088","177","583","2,950","79,206","139,850","57,187","33,235","19,274","4,652","","6,651,194","5,304,196","1,187,342","62,086","143,549","9,947","92,283","","6,651,194","347,442","226,943","31,336","9,879","79,284","6,303,752","4,929,450","1,105,799","15,049","115,106","4,732","8,919","124,697","3,934","120,763","2,919,698","","4,968,677","2,377,932","2,590,745"
"    Percent","","6,651,194","48.8%","51.2%","6.1%","6.2%","6.4%","6.5%","6.7%","13.3%","12.6%","13.4%","6.7%","6.3%","9.4%","4.6%","1.6%","(X)","77.4%","73.4%","19.4%","15.7%","5,147,942","48.0%","52.0%","1,045,255","44.0%","56.0%","","6,651,194","97.9%","2.1%","97.9%","77.8%","16.8%","0.3%","0.1%","0.0%","0.0%","0.0%","1.7%","0.5%","0.3%","0.2%","0.1%","0.2%","0.1%","0.4%","0.1%","0.0%","0.0%","0.0%","0.0%","1.2%","2.1%","0.9%","0.5%","0.3%","0.1%","","6,651,194","79.7%","17.9%","0.9%","2.2%","0.1%","1.4%","","6,651,194","5.2%","3.4%","0.5%","0.1%","1.2%","94.8%","74.1%","16.6%","0.2%","1.7%","0.1%","0.1%","1.9%","0.1%","1.8%","(X)","","4,968,677","47.9%","52.1%"
"Texas","","","","","","","","","","","","","","","","","","","","","","","","","","","","","","","","","","","","","","","","","","","","","","","","","","","","","","","","","","","","","","","","","","","","","","","","","","","","","","","","","","","","","","","","",""
"    Estimate","","27,862,596","13,830,953","14,031,643","2,006,911","2,031,248","2,051,493","2,005,735","1,991,929","4,061,590","3,748,838","3,500,664","1,668,559","1,442,786","2,011,707","965,638","375,498","34.5","20,570,902","19,357,493","4,185,416","3,352,843","20,570,902","10,107,352","10,463,550","3,352,843","1,488,306","1,864,537","","27,862,596","27,147,882","714,714","27,147,882","20,702,709","3,362,283","135,275","17,013","945","3,910","2,912","1,300,300","376,935","208,156","130,600","19,282","69,710","276,609","219,008","25,228","7,130","7,894","4,403","5,801","1,622,087","714,714","180,303","148,499","131,791","27,589","","27,862,596","21,310,714","3,642,426","350,974","1,493,998","51,563","1,777,528","","27,862,596","10,883,279","9,427,204","196,460","90,376","1,169,239","16,979,317","11,843,864","3,270,776","67,038","1,281,698","20,254","38,404","457,283","21,710","435,573","10,754,268","","17,841,560","8,699,836","9,141,724"
"    Percent","","27,862,596","49.6%","50.4%","7.2%","7.3%","7.4%","7.2%","7.1%","14.6%","13.5%","12.6%","6.0%","5.2%","7.2%","3.5%","1.3%","(X)","73.8%","69.5%","15.0%","12.0%","20,570,902","49.1%","50.9%","3,352,843","44.4%","55.6%","","27,862,596","97.4%","2.6%","97.4%","74.3%","12.1%","0.5%","0.1%","0.0%","0.0%","0.0%","4.7%","1.4%","0.7%","0.5%","0.1%","0.3%","1.0%","0.8%","0.1%","0.0%","0.0%","0.0%","0.0%","5.8%","2.6%","0.6%","0.5%","0.5%","0.1%","","27,862,596","76.5%","13.1%","1.3%","5.4%","0.2%","6.4%","","27,862,596","39.1%","33.8%","0.7%","0.3%","4.2%","60.9%","42.5%","11.7%","0.2%","4.6%","0.1%","0.1%","1.6%","0.1%","1.6%","(X)","","17,841,560","48.8%","51.2%"
"Utah","","","","","","","","","","","","","","","","","","","","","","","","","","","","","","","","","","","","","","","","","","","","","","","","","","","","","","","","","","","","","","","","","","","","","","","","","","","","","","","","","","","","","","","","",""
"    Estimate","","3,051,217","1,538,145","1,513,072","253,422","268,655","252,380","239,732","253,784","448,034","410,026","312,852","153,408","139,434","190,291","93,391","35,808","30.7","2,129,370","1,991,336","399,594","319,490","2,129,370","1,063,819","1,065,551","319,490","147,579","171,911","","3,051,217","2,962,173","89,044","2,962,173","2,633,283","32,800","31,702","752","335","14,497","1,469","70,150","12,494","15,455","4,661","7,836","7,915","4,994","16,795","29,463","2,380","918","11,091","15,074","164,775","89,044","13,651","15,557","25,904","706","","3,051,217","2,713,804","51,667","52,223","104,864","44,861","180,460","","3,051,217","420,440","302,555","12,211","2,985","102,689","2,630,777","2,401,230","30,915","26,769","69,181","28,870","3,070","70,742","2,858","67,884","1,054,242","","1,983,374","989,003","994,371"
"    Percent","","3,051,217","50.4%","49.6%","8.3%","8.8%","8.3%","7.9%","8.3%","14.7%","13.4%","10.3%","5.0%","4.6%","6.2%","3.1%","1.2%","(X)","69.8%","65.3%","13.1%","10.5%","2,129,370","50.0%","50.0%","319,490","46.2%","53.8%","","3,051,217","97.1%","2.9%","97.1%","86.3%","1.1%","1.0%","0.0%","0.0%","0.5%","0.0%","2.3%","0.4%","0.5%","0.2%","0.3%","0.3%","0.2%","0.6%","1.0%","0.1%","0.0%","0.4%","0.5%","5.4%","2.9%","0.4%","0.5%","0.8%","0.0%","","3,051,217","88.9%","1.7%","1.7%","3.4%","1.5%","5.9%","","3,051,217","13.8%","9.9%","0.4%","0.1%","3.4%","86.2%","78.7%","1.0%","0.9%","2.3%","0.9%","0.1%","2.3%","0.1%","2.2%","(X)","","1,983,374","49.9%","50.1%"
"Vermont","","","","","","","","","","","","","","","","","","","","","","","","","","","","","","","","","","","","","","","","","","","","","","","","","","","","","","","","","","","","","","","","","","","","","","","","","","","","","","","","","","","","","","","","",""
"    Estimate","","624,594","307,874","316,720","30,464","33,080","33,976","41,770","45,741","71,885","70,519","86,724","49,353","47,482","68,975","30,413","14,212","43.1","505,910","473,928","141,406","113,600","505,910","246,774","259,136","113,600","51,633","61,967","","624,594","612,270","12,324","612,270","589,379","7,893","2,177","N","N","N","N","9,406","1,486","2,682","660","642","1,334","535","2,067","252","N","N","N","N","3,163","12,324","2,024","4,526","3,540","444","","624,594","600,733","11,314","7,972","13,419","664","3,789","","624,594","12,546","3,560","3,526","1,221","4,239","612,048","580,616","7,307","2,113","9,406","252","727","11,627","347","11,280","329,539","","494,736","242,185","252,551"
"    Percent","","624,594","49.3%","50.7%","4.9%","5.3%","5.4%","6.7%","7.3%","11.5%","11.3%","13.9%","7.9%","7.6%","11.0%","4.9%","2.3%","(X)","81.0%","75.9%","22.6%","18.2%","505,910","48.8%","51.2%","113,600","45.5%","54.5%","","624,594","98.0%","2.0%","98.0%","94.4%","1.3%","0.3%","N","N","N","N","1.5%","0.2%","0.4%","0.1%","0.1%","0.2%","0.1%","0.3%","0.0%","N","N","N","N","0.5%","2.0%","0.3%","0.7%","0.6%","0.1%","","624,594","96.2%","1.8%","1.3%","2.1%","0.1%","0.6%","","624,594","2.0%","0.6%","0.6%","0.2%","0.7%","98.0%","93.0%","1.2%","0.3%","1.5%","0.0%","0.1%","1.9%","0.1%","1.8%","(X)","","494,736","49.0%","51.0%"
"Virginia","","","","","","","","","","","","","","","","","","","","","","","","","","","","","","","","","","","","","","","","","","","","","","","","","","","","","","","","","","","","","","","","","","","","","","","","","","","","","","","","","","","","","","","","",""
"    Estimate","","8,411,808","4,135,485","4,276,323","503,782","523,512","523,673","562,657","577,011","1,152,326","1,094,657","1,164,976","572,210","508,959","737,489","350,850","139,706","38.2","6,544,248","6,182,256","1,518,297","1,228,045","6,544,248","3,180,665","3,363,583","1,228,045","541,718","686,327","","8,411,808","8,101,385","310,423","8,101,385","5,707,035","1,601,868","23,156","2,329","591","244","654","532,320","138,909","77,115","74,295","11,858","70,946","60,407","98,790","8,379","1,816","4,087","996","1,480","228,627","310,423","103,122","28,670","78,528","14,778","","8,411,808","5,966,699","1,762,171","86,426","649,343","21,721","266,541","","8,411,808","760,611","167,948","102,807","18,281","471,575","7,651,197","5,235,564","1,575,478","19,718","527,900","6,769","23,107","262,661","10,199","252,462","3,491,185","","6,093,779","2,956,909","3,136,870"
"    Percent","","8,411,808","49.2%","50.8%","6.0%","6.2%","6.2%","6.7%","6.9%","13.7%","13.0%","13.8%","6.8%","6.1%","8.8%","4.2%","1.7%","(X)","77.8%","73.5%","18.0%","14.6%","6,544,248","48.6%","51.4%","1,228,045","44.1%","55.9%","","8,411,808","96.3%","3.7%","96.3%","67.8%","19.0%","0.3%","0.0%","0.0%","0.0%","0.0%","6.3%","1.7%","0.9%","0.9%","0.1%","0.8%","0.7%","1.2%","0.1%","0.0%","0.0%","0.0%","0.0%","2.7%","3.7%","1.2%","0.3%","0.9%","0.2%","","8,411,808","70.9%","20.9%","1.0%","7.7%","0.3%","3.2%","","8,411,808","9.0%","2.0%","1.2%","0.2%","5.6%","91.0%","62.2%","18.7%","0.2%","6.3%","0.1%","0.3%","3.1%","0.1%","3.0%","(X)","","6,093,779","48.5%","51.5%"
"Washington","","","","","","","","","","","","","","","","","","","","","","","","","","","","","","","","","","","","","","","","","","","","","","","","","","","","","","","","","","","","","","","","","","","","","","","","","","","","","","","","","","","","","","","","",""
"    Estimate","","7,288,000","3,639,726","3,648,274","449,944","466,175","442,606","450,777","481,943","1,074,803","944,034","951,227","486,384","461,294","654,584","293,733","130,496","37.7","5,658,939","5,378,695","1,350,738","1,078,813","5,658,939","2,806,590","2,852,349","1,078,813","491,452","587,361","","7,288,000","6,873,864","414,136","6,873,864","5,516,602","266,977","94,637","4,569","1,707","1,889","2,235","597,215","106,608","130,273","99,953","40,339","64,034","69,963","86,045","48,182","4,836","10,672","16,223","16,451","350,251","414,136","81,387","87,335","120,629","9,509","","7,288,000","5,883,913","394,194","220,683","768,828","88,387","393,564","","7,288,000","906,451","739,827","29,805","9,146","127,673","6,381,549","5,053,546","254,841","79,382","591,025","46,683","10,670","345,402","4,779","340,623","3,025,802","","5,173,515","2,563,659","2,609,856"
"    Percent","","7,288,000","49.9%","50.1%","6.2%","6.4%","6.1%","6.2%","6.6%","14.7%","13.0%","13.1%","6.7%","6.3%","9.0%","4.0%","1.8%","(X)","77.6%","73.8%","18.5%","14.8%","5,658,939","49.6%","50.4%","1,078,813","45.6%","54.4%","","7,288,000","94.3%","5.7%","94.3%","75.7%","3.7%","1.3%","0.1%","0.0%","0.0%","0.0%","8.2%","1.5%","1.8%","1.4%","0.6%","0.9%","1.0%","1.2%","0.7%","0.1%","0.1%","0.2%","0.2%","4.8%","5.7%","1.1%","1.2%","1.7%","0.1%","","7,288,000","80.7%","5.4%","3.0%","10.5%","1.2%","5.4%","","7,288,000","12.4%","10.2%","0.4%","0.1%","1.8%","87.6%","69.3%","3.5%","1.1%","8.1%","0.6%","0.1%","4.7%","0.1%","4.7%","(X)","","5,173,515","49.6%","50.4%"
"West Virginia","","","","","","","","","","","","","","","","","","","","","","","","","","","","","","","","","","","","","","","","","","","","","","","","","","","","","","","","","","","","","","","","","","","","","","","","","","","","","","","","","","","","","","","","",""
"    Estimate","","1,831,102","900,913","930,189","101,668","102,830","106,744","112,942","115,161","216,104","222,599","243,424","135,761","130,094","204,039","97,793","41,943","42.3","1,454,219","1,382,584","420,536","343,775","1,454,219","709,917","744,302","343,775","154,814","188,961","","1,831,102","1,799,798","31,304","1,799,798","1,704,195","69,721","3,851","1,282","31","29","159","14,133","3,444","3,714","2,981","744","1,193","348","1,709","404","N","N","N","N","7,494","31,304","13,769","7,652","3,925","184","","1,831,102","1,734,107","86,436","13,504","20,498","1,515","9,273","","1,831,102","26,783","12,196","6,062","1,256","7,269","1,804,319","1,684,936","68,738","3,734","13,777","404","3,361","29,369","158","29,211","886,710","","1,438,443","701,149","737,294"
"    Percent","","1,831,102","49.2%","50.8%","5.6%","5.6%","5.8%","6.2%","6.3%","11.8%","12.2%","13.3%","7.4%","7.1%","11.1%","5.3%","2.3%","(X)","79.4%","75.5%","23.0%","18.8%","1,454,219","48.8%","51.2%","343,775","45.0%","55.0%","","1,831,102","98.3%","1.7%","98.3%","93.1%","3.8%","0.2%","0.1%","0.0%","0.0%","0.0%","0.8%","0.2%","0.2%","0.2%","0.0%","0.1%","0.0%","0.1%","0.0%","N","N","N","N","0.4%","1.7%","0.8%","0.4%","0.2%","0.0%","","1,831,102","94.7%","4.7%","0.7%","1.1%","0.1%","0.5%","","1,831,102","1.5%","0.7%","0.3%","0.1%","0.4%","98.5%","92.0%","3.8%","0.2%","0.8%","0.0%","0.2%","1.6%","0.0%","1.6%","(X)","","1,438,443","48.7%","51.3%"
"Wisconsin","","","","","","","","","","","","","","","","","","","","","","","","","","","","","","","","","","","","","","","","","","","","","","","","","","","","","","","","","","","","","","","","","","","","","","","","","","","","","","","","","","","","","","","","",""
"    Estimate","","5,778,709","2,872,921","2,905,788","334,091","360,129","365,683","380,691","404,786","730,022","685,711","781,660","429,855","378,820","529,223","270,063","127,975","39.4","4,493,718","4,251,967","1,148,106","927,261","4,493,718","2,215,906","2,277,812","927,261","419,230","508,031","","5,778,709","5,638,379","140,330","5,638,379","4,941,688","361,653","52,608","947","18,206","157","394","155,252","28,123","26,869","8,570","2,643","10,698","5,212","73,137","1,534","444","241","396","453","125,644","140,330","51,704","29,406","24,134","3,354","","5,778,709","5,070,065","428,940","93,580","186,501","6,098","144,989","","5,778,709","387,015","273,512","61,901","6,393","45,209","5,391,694","4,718,160","355,473","48,653","154,748","987","3,230","110,443","3,265","107,178","2,668,443","","4,351,720","2,138,987","2,212,733"
"    Percent","","5,778,709","49.7%","50.3%","5.8%","6.2%","6.3%","6.6%","7.0%","12.6%","11.9%","13.5%","7.4%","6.6%","9.2%","4.7%","2.2%","(X)","77.8%","73.6%","19.9%","16.0%","4,493,718","49.3%","50.7%","927,261","45.2%","54.8%","","5,778,709","97.6%","2.4%","97.6%","85.5%","6.3%","0.9%","0.0%","0.3%","0.0%","0.0%","2.7%","0.5%","0.5%","0.1%","0.0%","0.2%","0.1%","1.3%","0.0%","0.0%","0.0%","0.0%","0.0%","2.2%","2.4%","0.9%","0.5%","0.4%","0.1%","","5,778,709","87.7%","7.4%","1.6%","3.2%","0.1%","2.5%","","5,778,709","6.7%","4.7%","1.1%","0.1%","0.8%","93.3%","81.6%","6.2%","0.8%","2.7%","0.0%","0.1%","1.9%","0.1%","1.9%","(X)","","4,351,720","49.2%","50.8%"
"Wyoming","","","","","","","","","","","","","","","","","","","","","","","","","","","","","","","","","","","","","","","","","","","","","","","","","","","","","","","","","","","","","","","","","","","","","","","","","","","","","","","","","","","","","","","","",""
"    Estimate","","585,501","298,205","287,296","37,873","43,974","37,253","37,465","38,142","80,974","72,132","69,086","39,389","41,630","53,643","24,089","9,851","37.2","444,641","419,986","111,611","87,583","444,641","226,138","218,503","87,583","41,283","46,300","","585,501","570,197","15,304","570,197","538,819","5,970","13,194","N","N","N","N","6,012","1,464","1,000","615","404","827","85","1,617","420","N","N","N","N","5,782","15,304","3,021","5,360","2,937","273","","585,501","552,516","10,544","20,025","9,999","1,248","7,949","","585,501","56,264","43,955","872","62","11,375","529,237","494,078","5,400","12,328","5,815","173","211","11,232","543","10,689","270,625","","433,794","220,950","212,844"
"    Percent","","585,501","50.9%","49.1%","6.5%","7.5%","6.4%","6.4%","6.5%","13.8%","12.3%","11.8%","6.7%","7.1%","9.2%","4.1%","1.7%","(X)","75.9%","71.7%","19.1%","15.0%","444,641","50.9%","49.1%","87,583","47.1%","52.9%","","585,501","97.4%","2.6%","97.4%","92.0%","1.0%","2.3%","N","N","N","N","1.0%","0.3%","0.2%","0.1%","0.1%","0.1%","0.0%","0.3%","0.1%","N","N","N","N","1.0%","2.6%","0.5%","0.9%","0.5%","0.0%","","585,501","94.4%","1.8%","3.4%","1.7%","0.2%","1.4%","","585,501","9.6%","7.5%","0.1%","0.0%","1.9%","90.4%","84.4%","0.9%","2.1%","1.0%","0.0%","0.0%","1.9%","0.1%","1.8%","(X)","","433,794","50.9%","49.1%"
"Puerto Rico","","","","","","","","","","","","","","","","","","","","","","","","","","","","","","","","","","","","","","","","","","","","","","","","","","","","","","","","","","","","","","","","","","","","","","","","","","","","","","","","","","","","","","","","",""
"    Estimate","","3,411,307","1,625,567","1,785,740","159,753","185,471","211,269","238,225","244,392","413,129","440,352","440,533","220,311","211,987","365,448","203,732","76,705","40.7","2,715,431","2,563,241","768,638","645,885","2,715,431","1,266,884","1,448,547","645,885","280,287","365,598","","3,411,307","3,263,452","147,855","3,263,452","2,278,731","395,069","8,082","N","N","N","N","5,691","3,250","1,505","65","206","63","0","602","193","N","N","N","N","575,686","147,855","115,664","1,497","1,205","1,355","","3,411,307","2,418,354","527,165","22,359","8,025","542","593,471","","3,411,307","3,365,841","10,932","3,263,755","12,457","78,697","45,466","36,168","2,517","225","2,067","89","2,251","2,149","239","1,910","1,555,880","","2,672,253","1,247,296","1,424,957"
"    Percent","","3,411,307","47.7%","52.3%","4.7%","5.4%","6.2%","7.0%","7.2%","12.1%","12.9%","12.9%","6.5%","6.2%","10.7%","6.0%","2.2%","(X)","79.6%","75.1%","22.5%","18.9%","2,715,431","46.7%","53.3%","645,885","43.4%","56.6%","","3,411,307","95.7%","4.3%","95.7%","66.8%","11.6%","0.2%","N","N","N","N","0.2%","0.1%","0.0%","0.0%","0.0%","0.0%","0.0%","0.0%","0.0%","N","N","N","N","16.9%","4.3%","3.4%","0.0%","0.0%","0.0%","","3,411,307","70.9%","15.5%","0.7%","0.2%","0.0%","17.4%","","3,411,307","98.7%","0.3%","95.7%","0.4%","2.3%","1.3%","1.1%","0.1%","0.0%","0.1%","0.0%","0.1%","0.1%","0.0%","0.1%","(X)","","2,672,253","46.7%","53.3%"