State,Year,Category,Direction,Adoption_Year,Policy,adoption
Alabama,1987,,,2022,,0
Alaska,1987,Nondiscrimination,P,2020,0,0
Arizona,1987,,,2022,,0
Arkansas,1987,,,2022,,0
California,1987,Nondiscrimination,P,2012,0,0
California,1987,Nondiscrimination,P,2012,0,0
Colorado,1987,Nondiscrimination,P,2008,0,0
Connecticut,1987,Nondiscrimination,P,1997,0,0
Connecticut,1987,Nondiscrimination,P,2011,0,0
Connecticut,1987,Nondiscrimination,P,2020,0,0
Delaware,1987,,,2022,,0
Florida,1987,,,2022,,0
Georgia,1987,,,2022,,0
Hawaii,1987,Nondiscrimination,P,2018,0,0
Idaho,1987,,,2022,,0
Illinois,1987,Nondiscrimination,P,2005,0,0
Indiana,1987,,,2022,,0
Iowa,1987,Nondiscrimination,P,2007,0,0
Kansas,1987,,,2022,,0
Kentucky,1987,,,2022,,0
Lousiana,1987,,,2022,,0
Maine,1987,Nondiscrimination,P,2005,0,0
Maryland,1987,Nondiscrimination,P,2022,0,0
Massachusetts,1987,Nondiscrimination,P,1993,0,0
Massachusetts,1987,Nondiscrimination,P,2011,0,0
Michigan,1987,Nondiscrimination,P,2022,0,0
Minnesota,1987,Nondiscrimination,P,1993,0,0
Mississippi,1987,,,2022,,0
Missouri,1987,Nondiscrimination,N,2006,0,0
Montana,1987,,,2022,,0
Nebraska,1987,,,2022,,0
Nevada,1987,Nondiscrimination,P,2009,0,0
Nevada,1987,Nondiscrimination,P,2011,0,0
New Hampshire,1987,Nondiscrimination,P,2019,0,0
New Jersey,1987,Nondiscrimination,P,1991,0,0
New Jersey,1987,Nondiscrimination,P,2006,0,0
New Mexico,1987,,,2022,,0
New York,1987,Nondiscrimination,P,2010,0,0
North Carolina,1987,,,2022,,0
North Dakota,1987,,,2022,,0
Ohio,1987,,,2022,,0
Oklahoma,1987,,,2022,,0
Oregon,1987,Nondiscrimination,P,2007,0,0
Pennsylvania,1987,,,2022,,0
Rhode Island,1987,,,2022,,0
South Carolina,1987,,,2022,,0
South Dakota,1987,Nondiscrimination,N,2012,0,0
Tennessee,1987,,,2022,,0
Texas,1987,,,2022,,0
Utah,1987,,,2022,,0
Vermont,1987,Nondiscrimination,P,2001,0,0
Vermont,1987,Nondiscrimination,P,2007,0,0
Virginia,1987,Nondiscrimination,P,2020,0,0
Washington,1987,Nondiscrimination,P,2002,0,0
Washington,1987,Nondiscrimination,P,2009,0,0
West Virginia,1987,,,2022,,0
Wisconsin,1987,Nondiscrimination,P,2001,0,0
Wyoming,1987,,,2022,,0
Alabama,1988,,,2022,,0
Alaska,1988,Nondiscrimination,P,2020,0,0
Arizona,1988,,,2022,,0
Arkansas,1988,,,2022,,0
California,1988,Nondiscrimination,P,2012,0,0
California,1988,Nondiscrimination,P,2012,0,0
Colorado,1988,Nondiscrimination,P,2008,0,0
Connecticut,1988,Nondiscrimination,P,1997,0,0
Connecticut,1988,Nondiscrimination,P,2011,0,0
Connecticut,1988,Nondiscrimination,P,2020,0,0
Delaware,1988,,,2022,,0
Florida,1988,,,2022,,0
Georgia,1988,,,2022,,0
Hawaii,1988,Nondiscrimination,P,2018,0,0
Idaho,1988,,,2022,,0
Illinois,1988,Nondiscrimination,P,2005,0,0
Indiana,1988,,,2022,,0
Iowa,1988,Nondiscrimination,P,2007,0,0
Kansas,1988,,,2022,,0
Kentucky,1988,,,2022,,0
Lousiana,1988,,,2022,,0
Maine,1988,Nondiscrimination,P,2005,0,0
Maryland,1988,Nondiscrimination,P,2022,0,0
Massachusetts,1988,Nondiscrimination,P,1993,0,0
Massachusetts,1988,Nondiscrimination,P,2011,0,0
Michigan,1988,Nondiscrimination,P,2022,0,0
Minnesota,1988,Nondiscrimination,P,1993,0,0
Mississippi,1988,,,2022,,0
Missouri,1988,Nondiscrimination,N,2006,0,0
Montana,1988,,,2022,,0
Nebraska,1988,,,2022,,0
Nevada,1988,Nondiscrimination,P,2009,0,0
Nevada,1988,Nondiscrimination,P,2011,0,0
New Hampshire,1988,Nondiscrimination,P,2019,0,0
New Jersey,1988,Nondiscrimination,P,1991,0,0
New Jersey,1988,Nondiscrimination,P,2006,0,0
New Mexico,1988,,,2022,,0
New York,1988,Nondiscrimination,P,2010,0,0
North Carolina,1988,,,2022,,0
North Dakota,1988,,,2022,,0
Ohio,1988,,,2022,,0
Oklahoma,1988,,,2022,,0
Oregon,1988,Nondiscrimination,P,2007,0,0
Pennsylvania,1988,,,2022,,0
Rhode Island,1988,,,2022,,0
South Carolina,1988,,,2022,,0
South Dakota,1988,Nondiscrimination,N,2012,0,0
Tennessee,1988,,,2022,,0
Texas,1988,,,2022,,0
Utah,1988,,,2022,,0
Vermont,1988,Nondiscrimination,P,2001,0,0
Vermont,1988,Nondiscrimination,P,2007,0,0
Virginia,1988,Nondiscrimination,P,2020,0,0
Washington,1988,Nondiscrimination,P,2002,0,0
Washington,1988,Nondiscrimination,P,2009,0,0
West Virginia,1988,,,2022,,0
Wisconsin,1988,Nondiscrimination,P,2001,0,0
Wyoming,1988,,,2022,,0
Alabama,1989,,,2022,,0
Alaska,1989,Nondiscrimination,P,2020,0,0
Arizona,1989,,,2022,,0
Arkansas,1989,,,2022,,0
California,1989,Nondiscrimination,P,2012,0,0
California,1989,Nondiscrimination,P,2012,0,0
Colorado,1989,Nondiscrimination,P,2008,0,0
Connecticut,1989,Nondiscrimination,P,1997,0,0
Connecticut,1989,Nondiscrimination,P,2011,0,0
Connecticut,1989,Nondiscrimination,P,2020,0,0
Delaware,1989,,,2022,,0
Florida,1989,,,2022,,0
Georgia,1989,,,2022,,0
Hawaii,1989,Nondiscrimination,P,2018,0,0
Idaho,1989,,,2022,,0
Illinois,1989,Nondiscrimination,P,2005,0,0
Indiana,1989,,,2022,,0
Iowa,1989,Nondiscrimination,P,2007,0,0
Kansas,1989,,,2022,,0
Kentucky,1989,,,2022,,0
Lousiana,1989,,,2022,,0
Maine,1989,Nondiscrimination,P,2005,0,0
Maryland,1989,Nondiscrimination,P,2022,0,0
Massachusetts,1989,Nondiscrimination,P,1993,0,0
Massachusetts,1989,Nondiscrimination,P,2011,0,0
Michigan,1989,Nondiscrimination,P,2022,0,0
Minnesota,1989,Nondiscrimination,P,1993,0,0
Mississippi,1989,,,2022,,0
Missouri,1989,Nondiscrimination,N,2006,0,0
Montana,1989,,,2022,,0
Nebraska,1989,,,2022,,0
Nevada,1989,Nondiscrimination,P,2009,0,0
Nevada,1989,Nondiscrimination,P,2011,0,0
New Hampshire,1989,Nondiscrimination,P,2019,0,0
New Jersey,1989,Nondiscrimination,P,1991,0,0
New Jersey,1989,Nondiscrimination,P,2006,0,0
New Mexico,1989,,,2022,,0
New York,1989,Nondiscrimination,P,2010,0,0
North Carolina,1989,,,2022,,0
North Dakota,1989,,,2022,,0
Ohio,1989,,,2022,,0
Oklahoma,1989,,,2022,,0
Oregon,1989,Nondiscrimination,P,2007,0,0
Pennsylvania,1989,,,2022,,0
Rhode Island,1989,,,2022,,0
South Carolina,1989,,,2022,,0
South Dakota,1989,Nondiscrimination,N,2012,0,0
Tennessee,1989,,,2022,,0
Texas,1989,,,2022,,0
Utah,1989,,,2022,,0
Vermont,1989,Nondiscrimination,P,2001,0,0
Vermont,1989,Nondiscrimination,P,2007,0,0
Virginia,1989,Nondiscrimination,P,2020,0,0
Washington,1989,Nondiscrimination,P,2002,0,0
Washington,1989,Nondiscrimination,P,2009,0,0
West Virginia,1989,,,2022,,0
Wisconsin,1989,Nondiscrimination,P,2001,0,0
Wyoming,1989,,,2022,,0
Alabama,1990,,,2022,,0
Alaska,1990,Nondiscrimination,P,2020,0,0
Arizona,1990,,,2022,,0
Arkansas,1990,,,2022,,0
California,1990,Nondiscrimination,P,2012,0,0
California,1990,Nondiscrimination,P,2012,0,0
Colorado,1990,Nondiscrimination,P,2008,0,0
Connecticut,1990,Nondiscrimination,P,1997,0,0
Connecticut,1990,Nondiscrimination,P,2011,0,0
Connecticut,1990,Nondiscrimination,P,2020,0,0
Delaware,1990,,,2022,,0
Florida,1990,,,2022,,0
Georgia,1990,,,2022,,0
Hawaii,1990,Nondiscrimination,P,2018,0,0
Idaho,1990,,,2022,,0
Illinois,1990,Nondiscrimination,P,2005,0,0
Indiana,1990,,,2022,,0
Iowa,1990,Nondiscrimination,P,2007,0,0
Kansas,1990,,,2022,,0
Kentucky,1990,,,2022,,0
Lousiana,1990,,,2022,,0
Maine,1990,Nondiscrimination,P,2005,0,0
Maryland,1990,Nondiscrimination,P,2022,0,0
Massachusetts,1990,Nondiscrimination,P,1993,0,0
Massachusetts,1990,Nondiscrimination,P,2011,0,0
Michigan,1990,Nondiscrimination,P,2022,0,0
Minnesota,1990,Nondiscrimination,P,1993,0,0
Mississippi,1990,,,2022,,0
Missouri,1990,Nondiscrimination,N,2006,0,0
Montana,1990,,,2022,,0
Nebraska,1990,,,2022,,0
Nevada,1990,Nondiscrimination,P,2009,0,0
Nevada,1990,Nondiscrimination,P,2011,0,0
New Hampshire,1990,Nondiscrimination,P,2019,0,0
New Jersey,1990,Nondiscrimination,P,1991,0,0
New Jersey,1990,Nondiscrimination,P,2006,0,0
New Mexico,1990,,,2022,,0
New York,1990,Nondiscrimination,P,2010,0,0
North Carolina,1990,,,2022,,0
North Dakota,1990,,,2022,,0
Ohio,1990,,,2022,,0
Oklahoma,1990,,,2022,,0
Oregon,1990,Nondiscrimination,P,2007,0,0
Pennsylvania,1990,,,2022,,0
Rhode Island,1990,,,2022,,0
South Carolina,1990,,,2022,,0
South Dakota,1990,Nondiscrimination,N,2012,0,0
Tennessee,1990,,,2022,,0
Texas,1990,,,2022,,0
Utah,1990,,,2022,,0
Vermont,1990,Nondiscrimination,P,2001,0,0
Vermont,1990,Nondiscrimination,P,2007,0,0
Virginia,1990,Nondiscrimination,P,2020,0,0
Washington,1990,Nondiscrimination,P,2002,0,0
Washington,1990,Nondiscrimination,P,2009,0,0
West Virginia,1990,,,2022,,0
Wisconsin,1990,Nondiscrimination,P,2001,0,0
Wyoming,1990,,,2022,,0
Alabama,1991,,,2022,,0
Alaska,1991,Nondiscrimination,P,2020,0,0
Arizona,1991,,,2022,,0
Arkansas,1991,,,2022,,0
California,1991,Nondiscrimination,P,2012,0,0
California,1991,Nondiscrimination,P,2012,0,0
Colorado,1991,Nondiscrimination,P,2008,0,0
Connecticut,1991,Nondiscrimination,P,1997,0,0
Connecticut,1991,Nondiscrimination,P,2011,0,0
Connecticut,1991,Nondiscrimination,P,2020,0,0
Delaware,1991,,,2022,,0
Florida,1991,,,2022,,0
Georgia,1991,,,2022,,0
Hawaii,1991,Nondiscrimination,P,2018,0,0
Idaho,1991,,,2022,,0
Illinois,1991,Nondiscrimination,P,2005,0,0
Indiana,1991,,,2022,,0
Iowa,1991,Nondiscrimination,P,2007,0,0
Kansas,1991,,,2022,,0
Kentucky,1991,,,2022,,0
Lousiana,1991,,,2022,,0
Maine,1991,Nondiscrimination,P,2005,0,0
Maryland,1991,Nondiscrimination,P,2022,0,0
Massachusetts,1991,Nondiscrimination,P,1993,0,0
Massachusetts,1991,Nondiscrimination,P,2011,0,0
Michigan,1991,Nondiscrimination,P,2022,0,0
Minnesota,1991,Nondiscrimination,P,1993,0,0
Mississippi,1991,,,2022,,0
Missouri,1991,Nondiscrimination,N,2006,0,0
Montana,1991,,,2022,,0
Nebraska,1991,,,2022,,0
Nevada,1991,Nondiscrimination,P,2009,0,0
Nevada,1991,Nondiscrimination,P,2011,0,0
New Hampshire,1991,Nondiscrimination,P,2019,0,0
New Jersey,1991,Nondiscrimination,P,1991,1,1
New Jersey,1991,Nondiscrimination,P,2006,0,0
New Mexico,1991,,,2022,,0
New York,1991,Nondiscrimination,P,2010,0,0
North Carolina,1991,,,2022,,0
North Dakota,1991,,,2022,,0
Ohio,1991,,,2022,,0
Oklahoma,1991,,,2022,,0
Oregon,1991,Nondiscrimination,P,2007,0,0
Pennsylvania,1991,,,2022,,0
Rhode Island,1991,,,2022,,0
South Carolina,1991,,,2022,,0
South Dakota,1991,Nondiscrimination,N,2012,0,0
Tennessee,1991,,,2022,,0
Texas,1991,,,2022,,0
Utah,1991,,,2022,,0
Vermont,1991,Nondiscrimination,P,2001,0,0
Vermont,1991,Nondiscrimination,P,2007,0,0
Virginia,1991,Nondiscrimination,P,2020,0,0
Washington,1991,Nondiscrimination,P,2002,0,0
Washington,1991,Nondiscrimination,P,2009,0,0
West Virginia,1991,,,2022,,0
Wisconsin,1991,Nondiscrimination,P,2001,0,0
Wyoming,1991,,,2022,,0
Alabama,1992,,,2022,,0
Alaska,1992,Nondiscrimination,P,2020,0,0
Arizona,1992,,,2022,,0
Arkansas,1992,,,2022,,0
California,1992,Nondiscrimination,P,2012,0,0
California,1992,Nondiscrimination,P,2012,0,0
Colorado,1992,Nondiscrimination,P,2008,0,0
Connecticut,1992,Nondiscrimination,P,1997,0,0
Connecticut,1992,Nondiscrimination,P,2011,0,0
Connecticut,1992,Nondiscrimination,P,2020,0,0
Delaware,1992,,,2022,,0
Florida,1992,,,2022,,0
Georgia,1992,,,2022,,0
Hawaii,1992,Nondiscrimination,P,2018,0,0
Idaho,1992,,,2022,,0
Illinois,1992,Nondiscrimination,P,2005,0,0
Indiana,1992,,,2022,,0
Iowa,1992,Nondiscrimination,P,2007,0,0
Kansas,1992,,,2022,,0
Kentucky,1992,,,2022,,0
Lousiana,1992,,,2022,,0
Maine,1992,Nondiscrimination,P,2005,0,0
Maryland,1992,Nondiscrimination,P,2022,0,0
Massachusetts,1992,Nondiscrimination,P,1993,0,0
Massachusetts,1992,Nondiscrimination,P,2011,0,0
Michigan,1992,Nondiscrimination,P,2022,0,0
Minnesota,1992,Nondiscrimination,P,1993,0,0
Mississippi,1992,,,2022,,0
Missouri,1992,Nondiscrimination,N,2006,0,0
Montana,1992,,,2022,,0
Nebraska,1992,,,2022,,0
Nevada,1992,Nondiscrimination,P,2009,0,0
Nevada,1992,Nondiscrimination,P,2011,0,0
New Hampshire,1992,Nondiscrimination,P,2019,0,0
New Jersey,1992,Nondiscrimination,P,2006,0,0
New Mexico,1992,,,2022,,0
New York,1992,Nondiscrimination,P,2010,0,0
North Carolina,1992,,,2022,,0
North Dakota,1992,,,2022,,0
Ohio,1992,,,2022,,0
Oklahoma,1992,,,2022,,0
Oregon,1992,Nondiscrimination,P,2007,0,0
Pennsylvania,1992,,,2022,,0
Rhode Island,1992,,,2022,,0
South Carolina,1992,,,2022,,0
South Dakota,1992,Nondiscrimination,N,2012,0,0
Tennessee,1992,,,2022,,0
Texas,1992,,,2022,,0
Utah,1992,,,2022,,0
Vermont,1992,Nondiscrimination,P,2001,0,0
Vermont,1992,Nondiscrimination,P,2007,0,0
Virginia,1992,Nondiscrimination,P,2020,0,0
Washington,1992,Nondiscrimination,P,2002,0,0
Washington,1992,Nondiscrimination,P,2009,0,0
West Virginia,1992,,,2022,,0
Wisconsin,1992,Nondiscrimination,P,2001,0,0
Wyoming,1992,,,2022,,0
Alabama,1993,,,2022,,0
Alaska,1993,Nondiscrimination,P,2020,0,0
Arizona,1993,,,2022,,0
Arkansas,1993,,,2022,,0
California,1993,Nondiscrimination,P,2012,0,0
California,1993,Nondiscrimination,P,2012,0,0
Colorado,1993,Nondiscrimination,P,2008,0,0
Connecticut,1993,Nondiscrimination,P,1997,0,0
Connecticut,1993,Nondiscrimination,P,2011,0,0
Connecticut,1993,Nondiscrimination,P,2020,0,0
Delaware,1993,,,2022,,0
Florida,1993,,,2022,,0
Georgia,1993,,,2022,,0
Hawaii,1993,Nondiscrimination,P,2018,0,0
Idaho,1993,,,2022,,0
Illinois,1993,Nondiscrimination,P,2005,0,0
Indiana,1993,,,2022,,0
Iowa,1993,Nondiscrimination,P,2007,0,0
Kansas,1993,,,2022,,0
Kentucky,1993,,,2022,,0
Lousiana,1993,,,2022,,0
Maine,1993,Nondiscrimination,P,2005,0,0
Maryland,1993,Nondiscrimination,P,2022,0,0
Massachusetts,1993,Nondiscrimination,P,1993,1,1
Massachusetts,1993,Nondiscrimination,P,2011,0,0
Michigan,1993,Nondiscrimination,P,2022,0,0
Minnesota,1993,Nondiscrimination,P,1993,1,1
Mississippi,1993,,,2022,,0
Missouri,1993,Nondiscrimination,N,2006,0,0
Montana,1993,,,2022,,0
Nebraska,1993,,,2022,,0
Nevada,1993,Nondiscrimination,P,2009,0,0
Nevada,1993,Nondiscrimination,P,2011,0,0
New Hampshire,1993,Nondiscrimination,P,2019,0,0
New Jersey,1993,Nondiscrimination,P,2006,0,0
New Mexico,1993,,,2022,,0
New York,1993,Nondiscrimination,P,2010,0,0
North Carolina,1993,,,2022,,0
North Dakota,1993,,,2022,,0
Ohio,1993,,,2022,,0
Oklahoma,1993,,,2022,,0
Oregon,1993,Nondiscrimination,P,2007,0,0
Pennsylvania,1993,,,2022,,0
Rhode Island,1993,,,2022,,0
South Carolina,1993,,,2022,,0
South Dakota,1993,Nondiscrimination,N,2012,0,0
Tennessee,1993,,,2022,,0
Texas,1993,,,2022,,0
Utah,1993,,,2022,,0
Vermont,1993,Nondiscrimination,P,2001,0,0
Vermont,1993,Nondiscrimination,P,2007,0,0
Virginia,1993,Nondiscrimination,P,2020,0,0
Washington,1993,Nondiscrimination,P,2002,0,0
Washington,1993,Nondiscrimination,P,2009,0,0
West Virginia,1993,,,2022,,0
Wisconsin,1993,Nondiscrimination,P,2001,0,0
Wyoming,1993,,,2022,,0
Alabama,1994,,,2022,,0
Alaska,1994,Nondiscrimination,P,2020,0,0
Arizona,1994,,,2022,,0
Arkansas,1994,,,2022,,0
California,1994,Nondiscrimination,P,2012,0,0
California,1994,Nondiscrimination,P,2012,0,0
Colorado,1994,Nondiscrimination,P,2008,0,0
Connecticut,1994,Nondiscrimination,P,1997,0,0
Connecticut,1994,Nondiscrimination,P,2011,0,0
Connecticut,1994,Nondiscrimination,P,2020,0,0
Delaware,1994,,,2022,,0
Florida,1994,,,2022,,0
Georgia,1994,,,2022,,0
Hawaii,1994,Nondiscrimination,P,2018,0,0
Idaho,1994,,,2022,,0
Illinois,1994,Nondiscrimination,P,2005,0,0
Indiana,1994,,,2022,,0
Iowa,1994,Nondiscrimination,P,2007,0,0
Kansas,1994,,,2022,,0
Kentucky,1994,,,2022,,0
Lousiana,1994,,,2022,,0
Maine,1994,Nondiscrimination,P,2005,0,0
Maryland,1994,Nondiscrimination,P,2022,0,0
Massachusetts,1994,Nondiscrimination,P,2011,0,0
Michigan,1994,Nondiscrimination,P,2022,0,0
Mississippi,1994,,,2022,,0
Missouri,1994,Nondiscrimination,N,2006,0,0
Montana,1994,,,2022,,0
Nebraska,1994,,,2022,,0
Nevada,1994,Nondiscrimination,P,2009,0,0
Nevada,1994,Nondiscrimination,P,2011,0,0
New Hampshire,1994,Nondiscrimination,P,2019,0,0
New Jersey,1994,Nondiscrimination,P,2006,0,0
New Mexico,1994,,,2022,,0
New York,1994,Nondiscrimination,P,2010,0,0
North Carolina,1994,,,2022,,0
North Dakota,1994,,,2022,,0
Ohio,1994,,,2022,,0
Oklahoma,1994,,,2022,,0
Oregon,1994,Nondiscrimination,P,2007,0,0
Pennsylvania,1994,,,2022,,0
Rhode Island,1994,,,2022,,0
South Carolina,1994,,,2022,,0
South Dakota,1994,Nondiscrimination,N,2012,0,0
Tennessee,1994,,,2022,,0
Texas,1994,,,2022,,0
Utah,1994,,,2022,,0
Vermont,1994,Nondiscrimination,P,2001,0,0
Vermont,1994,Nondiscrimination,P,2007,0,0
Virginia,1994,Nondiscrimination,P,2020,0,0
Washington,1994,Nondiscrimination,P,2002,0,0
Washington,1994,Nondiscrimination,P,2009,0,0
West Virginia,1994,,,2022,,0
Wisconsin,1994,Nondiscrimination,P,2001,0,0
Wyoming,1994,,,2022,,0
Alabama,1995,,,2022,,0
Alaska,1995,Nondiscrimination,P,2020,0,0
Arizona,1995,,,2022,,0
Arkansas,1995,,,2022,,0
California,1995,Nondiscrimination,P,2012,0,0
California,1995,Nondiscrimination,P,2012,0,0
Colorado,1995,Nondiscrimination,P,2008,0,0
Connecticut,1995,Nondiscrimination,P,1997,0,0
Connecticut,1995,Nondiscrimination,P,2011,0,0
Connecticut,1995,Nondiscrimination,P,2020,0,0
Delaware,1995,,,2022,,0
Florida,1995,,,2022,,0
Georgia,1995,,,2022,,0
Hawaii,1995,Nondiscrimination,P,2018,0,0
Idaho,1995,,,2022,,0
Illinois,1995,Nondiscrimination,P,2005,0,0
Indiana,1995,,,2022,,0
Iowa,1995,Nondiscrimination,P,2007,0,0
Kansas,1995,,,2022,,0
Kentucky,1995,,,2022,,0
Lousiana,1995,,,2022,,0
Maine,1995,Nondiscrimination,P,2005,0,0
Maryland,1995,Nondiscrimination,P,2022,0,0
Massachusetts,1995,Nondiscrimination,P,2011,0,0
Michigan,1995,Nondiscrimination,P,2022,0,0
Mississippi,1995,,,2022,,0
Missouri,1995,Nondiscrimination,N,2006,0,0
Montana,1995,,,2022,,0
Nebraska,1995,,,2022,,0
Nevada,1995,Nondiscrimination,P,2009,0,0
Nevada,1995,Nondiscrimination,P,2011,0,0
New Hampshire,1995,Nondiscrimination,P,2019,0,0
New Jersey,1995,Nondiscrimination,P,2006,0,0
New Mexico,1995,,,2022,,0
New York,1995,Nondiscrimination,P,2010,0,0
North Carolina,1995,,,2022,,0
North Dakota,1995,,,2022,,0
Ohio,1995,,,2022,,0
Oklahoma,1995,,,2022,,0
Oregon,1995,Nondiscrimination,P,2007,0,0
Pennsylvania,1995,,,2022,,0
Rhode Island,1995,,,2022,,0
South Carolina,1995,,,2022,,0
South Dakota,1995,Nondiscrimination,N,2012,0,0
Tennessee,1995,,,2022,,0
Texas,1995,,,2022,,0
Utah,1995,,,2022,,0
Vermont,1995,Nondiscrimination,P,2001,0,0
Vermont,1995,Nondiscrimination,P,2007,0,0
Virginia,1995,Nondiscrimination,P,2020,0,0
Washington,1995,Nondiscrimination,P,2002,0,0
Washington,1995,Nondiscrimination,P,2009,0,0
West Virginia,1995,,,2022,,0
Wisconsin,1995,Nondiscrimination,P,2001,0,0
Wyoming,1995,,,2022,,0
Alabama,1996,,,2022,,0
Alaska,1996,Nondiscrimination,P,2020,0,0
Arizona,1996,,,2022,,0
Arkansas,1996,,,2022,,0
California,1996,Nondiscrimination,P,2012,0,0
California,1996,Nondiscrimination,P,2012,0,0
Colorado,1996,Nondiscrimination,P,2008,0,0
Connecticut,1996,Nondiscrimination,P,1997,0,0
Connecticut,1996,Nondiscrimination,P,2011,0,0
Connecticut,1996,Nondiscrimination,P,2020,0,0
Delaware,1996,,,2022,,0
Florida,1996,,,2022,,0
Georgia,1996,,,2022,,0
Hawaii,1996,Nondiscrimination,P,2018,0,0
Idaho,1996,,,2022,,0
Illinois,1996,Nondiscrimination,P,2005,0,0
Indiana,1996,,,2022,,0
Iowa,1996,Nondiscrimination,P,2007,0,0
Kansas,1996,,,2022,,0
Kentucky,1996,,,2022,,0
Lousiana,1996,,,2022,,0
Maine,1996,Nondiscrimination,P,2005,0,0
Maryland,1996,Nondiscrimination,P,2022,0,0
Massachusetts,1996,Nondiscrimination,P,2011,0,0
Michigan,1996,Nondiscrimination,P,2022,0,0
Mississippi,1996,,,2022,,0
Missouri,1996,Nondiscrimination,N,2006,0,0
Montana,1996,,,2022,,0
Nebraska,1996,,,2022,,0
Nevada,1996,Nondiscrimination,P,2009,0,0
Nevada,1996,Nondiscrimination,P,2011,0,0
New Hampshire,1996,Nondiscrimination,P,2019,0,0
New Jersey,1996,Nondiscrimination,P,2006,0,0
New Mexico,1996,,,2022,,0
New York,1996,Nondiscrimination,P,2010,0,0
North Carolina,1996,,,2022,,0
North Dakota,1996,,,2022,,0
Ohio,1996,,,2022,,0
Oklahoma,1996,,,2022,,0
Oregon,1996,Nondiscrimination,P,2007,0,0
Pennsylvania,1996,,,2022,,0
Rhode Island,1996,,,2022,,0
South Carolina,1996,,,2022,,0
South Dakota,1996,Nondiscrimination,N,2012,0,0
Tennessee,1996,,,2022,,0
Texas,1996,,,2022,,0
Utah,1996,,,2022,,0
Vermont,1996,Nondiscrimination,P,2001,0,0
Vermont,1996,Nondiscrimination,P,2007,0,0
Virginia,1996,Nondiscrimination,P,2020,0,0
Washington,1996,Nondiscrimination,P,2002,0,0
Washington,1996,Nondiscrimination,P,2009,0,0
West Virginia,1996,,,2022,,0
Wisconsin,1996,Nondiscrimination,P,2001,0,0
Wyoming,1996,,,2022,,0
Alabama,1997,,,2022,,0
Alaska,1997,Nondiscrimination,P,2020,0,0
Arizona,1997,,,2022,,0
Arkansas,1997,,,2022,,0
California,1997,Nondiscrimination,P,2012,0,0
California,1997,Nondiscrimination,P,2012,0,0
Colorado,1997,Nondiscrimination,P,2008,0,0
Connecticut,1997,Nondiscrimination,P,1997,1,1
Connecticut,1997,Nondiscrimination,P,2011,0,0
Connecticut,1997,Nondiscrimination,P,2020,0,0
Delaware,1997,,,2022,,0
Florida,1997,,,2022,,0
Georgia,1997,,,2022,,0
Hawaii,1997,Nondiscrimination,P,2018,0,0
Idaho,1997,,,2022,,0
Illinois,1997,Nondiscrimination,P,2005,0,0
Indiana,1997,,,2022,,0
Iowa,1997,Nondiscrimination,P,2007,0,0
Kansas,1997,,,2022,,0
Kentucky,1997,,,2022,,0
Lousiana,1997,,,2022,,0
Maine,1997,Nondiscrimination,P,2005,0,0
Maryland,1997,Nondiscrimination,P,2022,0,0
Massachusetts,1997,Nondiscrimination,P,2011,0,0
Michigan,1997,Nondiscrimination,P,2022,0,0
Mississippi,1997,,,2022,,0
Missouri,1997,Nondiscrimination,N,2006,0,0
Montana,1997,,,2022,,0
Nebraska,1997,,,2022,,0
Nevada,1997,Nondiscrimination,P,2009,0,0
Nevada,1997,Nondiscrimination,P,2011,0,0
New Hampshire,1997,Nondiscrimination,P,2019,0,0
New Jersey,1997,Nondiscrimination,P,2006,0,0
New Mexico,1997,,,2022,,0
New York,1997,Nondiscrimination,P,2010,0,0
North Carolina,1997,,,2022,,0
North Dakota,1997,,,2022,,0
Ohio,1997,,,2022,,0
Oklahoma,1997,,,2022,,0
Oregon,1997,Nondiscrimination,P,2007,0,0
Pennsylvania,1997,,,2022,,0
Rhode Island,1997,,,2022,,0
South Carolina,1997,,,2022,,0
South Dakota,1997,Nondiscrimination,N,2012,0,0
Tennessee,1997,,,2022,,0
Texas,1997,,,2022,,0
Utah,1997,,,2022,,0
Vermont,1997,Nondiscrimination,P,2001,0,0
Vermont,1997,Nondiscrimination,P,2007,0,0
Virginia,1997,Nondiscrimination,P,2020,0,0
Washington,1997,Nondiscrimination,P,2002,0,0
Washington,1997,Nondiscrimination,P,2009,0,0
West Virginia,1997,,,2022,,0
Wisconsin,1997,Nondiscrimination,P,2001,0,0
Wyoming,1997,,,2022,,0
Alabama,1998,,,2022,,0
Alaska,1998,Nondiscrimination,P,2020,0,0
Arizona,1998,,,2022,,0
Arkansas,1998,,,2022,,0
California,1998,Nondiscrimination,P,2012,0,0
California,1998,Nondiscrimination,P,2012,0,0
Colorado,1998,Nondiscrimination,P,2008,0,0
Connecticut,1998,Nondiscrimination,P,2011,0,0
Connecticut,1998,Nondiscrimination,P,2020,0,0
Delaware,1998,,,2022,,0
Florida,1998,,,2022,,0
Georgia,1998,,,2022,,0
Hawaii,1998,Nondiscrimination,P,2018,0,0
Idaho,1998,,,2022,,0
Illinois,1998,Nondiscrimination,P,2005,0,0
Indiana,1998,,,2022,,0
Iowa,1998,Nondiscrimination,P,2007,0,0
Kansas,1998,,,2022,,0
Kentucky,1998,,,2022,,0
Lousiana,1998,,,2022,,0
Maine,1998,Nondiscrimination,P,2005,0,0
Maryland,1998,Nondiscrimination,P,2022,0,0
Massachusetts,1998,Nondiscrimination,P,2011,0,0
Michigan,1998,Nondiscrimination,P,2022,0,0
Mississippi,1998,,,2022,,0
Missouri,1998,Nondiscrimination,N,2006,0,0
Montana,1998,,,2022,,0
Nebraska,1998,,,2022,,0
Nevada,1998,Nondiscrimination,P,2009,0,0
Nevada,1998,Nondiscrimination,P,2011,0,0
New Hampshire,1998,Nondiscrimination,P,2019,0,0
New Jersey,1998,Nondiscrimination,P,2006,0,0
New Mexico,1998,,,2022,,0
New York,1998,Nondiscrimination,P,2010,0,0
North Carolina,1998,,,2022,,0
North Dakota,1998,,,2022,,0
Ohio,1998,,,2022,,0
Oklahoma,1998,,,2022,,0
Oregon,1998,Nondiscrimination,P,2007,0,0
Pennsylvania,1998,,,2022,,0
Rhode Island,1998,,,2022,,0
South Carolina,1998,,,2022,,0
South Dakota,1998,Nondiscrimination,N,2012,0,0
Tennessee,1998,,,2022,,0
Texas,1998,,,2022,,0
Utah,1998,,,2022,,0
Vermont,1998,Nondiscrimination,P,2001,0,0
Vermont,1998,Nondiscrimination,P,2007,0,0
Virginia,1998,Nondiscrimination,P,2020,0,0
Washington,1998,Nondiscrimination,P,2002,0,0
Washington,1998,Nondiscrimination,P,2009,0,0
West Virginia,1998,,,2022,,0
Wisconsin,1998,Nondiscrimination,P,2001,0,0
Wyoming,1998,,,2022,,0
Alabama,1999,,,2022,,0
Alaska,1999,Nondiscrimination,P,2020,0,0
Arizona,1999,,,2022,,0
Arkansas,1999,,,2022,,0
California,1999,Nondiscrimination,P,2012,0,0
California,1999,Nondiscrimination,P,2012,0,0
Colorado,1999,Nondiscrimination,P,2008,0,0
Connecticut,1999,Nondiscrimination,P,2011,0,0
Connecticut,1999,Nondiscrimination,P,2020,0,0
Delaware,1999,,,2022,,0
Florida,1999,,,2022,,0
Georgia,1999,,,2022,,0
Hawaii,1999,Nondiscrimination,P,2018,0,0
Idaho,1999,,,2022,,0
Illinois,1999,Nondiscrimination,P,2005,0,0
Indiana,1999,,,2022,,0
Iowa,1999,Nondiscrimination,P,2007,0,0
Kansas,1999,,,2022,,0
Kentucky,1999,,,2022,,0
Lousiana,1999,,,2022,,0
Maine,1999,Nondiscrimination,P,2005,0,0
Maryland,1999,Nondiscrimination,P,2022,0,0
Massachusetts,1999,Nondiscrimination,P,2011,0,0
Michigan,1999,Nondiscrimination,P,2022,0,0
Mississippi,1999,,,2022,,0
Missouri,1999,Nondiscrimination,N,2006,0,0
Montana,1999,,,2022,,0
Nebraska,1999,,,2022,,0
Nevada,1999,Nondiscrimination,P,2009,0,0
Nevada,1999,Nondiscrimination,P,2011,0,0
New Hampshire,1999,Nondiscrimination,P,2019,0,0
New Jersey,1999,Nondiscrimination,P,2006,0,0
New Mexico,1999,,,2022,,0
New York,1999,Nondiscrimination,P,2010,0,0
North Carolina,1999,,,2022,,0
North Dakota,1999,,,2022,,0
Ohio,1999,,,2022,,0
Oklahoma,1999,,,2022,,0
Oregon,1999,Nondiscrimination,P,2007,0,0
Pennsylvania,1999,,,2022,,0
Rhode Island,1999,,,2022,,0
South Carolina,1999,,,2022,,0
South Dakota,1999,Nondiscrimination,N,2012,0,0
Tennessee,1999,,,2022,,0
Texas,1999,,,2022,,0
Utah,1999,,,2022,,0
Vermont,1999,Nondiscrimination,P,2001,0,0
Vermont,1999,Nondiscrimination,P,2007,0,0
Virginia,1999,Nondiscrimination,P,2020,0,0
Washington,1999,Nondiscrimination,P,2002,0,0
Washington,1999,Nondiscrimination,P,2009,0,0
West Virginia,1999,,,2022,,0
Wisconsin,1999,Nondiscrimination,P,2001,0,0
Wyoming,1999,,,2022,,0
Alabama,2000,,,2022,,0
Alaska,2000,Nondiscrimination,P,2020,0,0
Arizona,2000,,,2022,,0
Arkansas,2000,,,2022,,0
California,2000,Nondiscrimination,P,2012,0,0
California,2000,Nondiscrimination,P,2012,0,0
Colorado,2000,Nondiscrimination,P,2008,0,0
Connecticut,2000,Nondiscrimination,P,2011,0,0
Connecticut,2000,Nondiscrimination,P,2020,0,0
Delaware,2000,,,2022,,0
Florida,2000,,,2022,,0
Georgia,2000,,,2022,,0
Hawaii,2000,Nondiscrimination,P,2018,0,0
Idaho,2000,,,2022,,0
Illinois,2000,Nondiscrimination,P,2005,0,0
Indiana,2000,,,2022,,0
Iowa,2000,Nondiscrimination,P,2007,0,0
Kansas,2000,,,2022,,0
Kentucky,2000,,,2022,,0
Lousiana,2000,,,2022,,0
Maine,2000,Nondiscrimination,P,2005,0,0
Maryland,2000,Nondiscrimination,P,2022,0,0
Massachusetts,2000,Nondiscrimination,P,2011,0,0
Michigan,2000,Nondiscrimination,P,2022,0,0
Mississippi,2000,,,2022,,0
Missouri,2000,Nondiscrimination,N,2006,0,0
Montana,2000,,,2022,,0
Nebraska,2000,,,2022,,0
Nevada,2000,Nondiscrimination,P,2009,0,0
Nevada,2000,Nondiscrimination,P,2011,0,0
New Hampshire,2000,Nondiscrimination,P,2019,0,0
New Jersey,2000,Nondiscrimination,P,2006,0,0
New Mexico,2000,,,2022,,0
New York,2000,Nondiscrimination,P,2010,0,0
North Carolina,2000,,,2022,,0
North Dakota,2000,,,2022,,0
Ohio,2000,,,2022,,0
Oklahoma,2000,,,2022,,0
Oregon,2000,Nondiscrimination,P,2007,0,0
Pennsylvania,2000,,,2022,,0
Rhode Island,2000,,,2022,,0
South Carolina,2000,,,2022,,0
South Dakota,2000,Nondiscrimination,N,2012,0,0
Tennessee,2000,,,2022,,0
Texas,2000,,,2022,,0
Utah,2000,,,2022,,0
Vermont,2000,Nondiscrimination,P,2001,0,0
Vermont,2000,Nondiscrimination,P,2007,0,0
Virginia,2000,Nondiscrimination,P,2020,0,0
Washington,2000,Nondiscrimination,P,2002,0,0
Washington,2000,Nondiscrimination,P,2009,0,0
West Virginia,2000,,,2022,,0
Wisconsin,2000,Nondiscrimination,P,2001,0,0
Wyoming,2000,,,2022,,0
Alabama,2001,,,2022,,0
Alaska,2001,Nondiscrimination,P,2020,0,0
Arizona,2001,,,2022,,0
Arkansas,2001,,,2022,,0
California,2001,Nondiscrimination,P,2012,0,0
California,2001,Nondiscrimination,P,2012,0,0
Colorado,2001,Nondiscrimination,P,2008,0,0
Connecticut,2001,Nondiscrimination,P,2011,0,0
Connecticut,2001,Nondiscrimination,P,2020,0,0
Delaware,2001,,,2022,,0
Florida,2001,,,2022,,0
Georgia,2001,,,2022,,0
Hawaii,2001,Nondiscrimination,P,2018,0,0
Idaho,2001,,,2022,,0
Illinois,2001,Nondiscrimination,P,2005,0,0
Indiana,2001,,,2022,,0
Iowa,2001,Nondiscrimination,P,2007,0,0
Kansas,2001,,,2022,,0
Kentucky,2001,,,2022,,0
Lousiana,2001,,,2022,,0
Maine,2001,Nondiscrimination,P,2005,0,0
Maryland,2001,Nondiscrimination,P,2022,0,0
Massachusetts,2001,Nondiscrimination,P,2011,0,0
Michigan,2001,Nondiscrimination,P,2022,0,0
Mississippi,2001,,,2022,,0
Missouri,2001,Nondiscrimination,N,2006,0,0
Montana,2001,,,2022,,0
Nebraska,2001,,,2022,,0
Nevada,2001,Nondiscrimination,P,2009,0,0
Nevada,2001,Nondiscrimination,P,2011,0,0
New Hampshire,2001,Nondiscrimination,P,2019,0,0
New Jersey,2001,Nondiscrimination,P,2006,0,0
New Mexico,2001,,,2022,,0
New York,2001,Nondiscrimination,P,2010,0,0
North Carolina,2001,,,2022,,0
North Dakota,2001,,,2022,,0
Ohio,2001,,,2022,,0
Oklahoma,2001,,,2022,,0
Oregon,2001,Nondiscrimination,P,2007,0,0
Pennsylvania,2001,,,2022,,0
Rhode Island,2001,,,2022,,0
South Carolina,2001,,,2022,,0
South Dakota,2001,Nondiscrimination,N,2012,0,0
Tennessee,2001,,,2022,,0
Texas,2001,,,2022,,0
Utah,2001,,,2022,,0
Vermont,2001,Nondiscrimination,P,2001,1,1
Vermont,2001,Nondiscrimination,P,2007,0,0
Virginia,2001,Nondiscrimination,P,2020,0,0
Washington,2001,Nondiscrimination,P,2002,0,0
Washington,2001,Nondiscrimination,P,2009,0,0
West Virginia,2001,,,2022,,0
Wisconsin,2001,Nondiscrimination,P,2001,1,1
Wyoming,2001,,,2022,,0
Alabama,2002,,,2022,,0
Alaska,2002,Nondiscrimination,P,2020,0,0
Arizona,2002,,,2022,,0
Arkansas,2002,,,2022,,0
California,2002,Nondiscrimination,P,2012,0,0
California,2002,Nondiscrimination,P,2012,0,0
Colorado,2002,Nondiscrimination,P,2008,0,0
Connecticut,2002,Nondiscrimination,P,2011,0,0
Connecticut,2002,Nondiscrimination,P,2020,0,0
Delaware,2002,,,2022,,0
Florida,2002,,,2022,,0
Georgia,2002,,,2022,,0
Hawaii,2002,Nondiscrimination,P,2018,0,0
Idaho,2002,,,2022,,0
Illinois,2002,Nondiscrimination,P,2005,0,0
Indiana,2002,,,2022,,0
Iowa,2002,Nondiscrimination,P,2007,0,0
Kansas,2002,,,2022,,0
Kentucky,2002,,,2022,,0
Lousiana,2002,,,2022,,0
Maine,2002,Nondiscrimination,P,2005,0,0
Maryland,2002,Nondiscrimination,P,2022,0,0
Massachusetts,2002,Nondiscrimination,P,2011,0,0
Michigan,2002,Nondiscrimination,P,2022,0,0
Mississippi,2002,,,2022,,0
Missouri,2002,Nondiscrimination,N,2006,0,0
Montana,2002,,,2022,,0
Nebraska,2002,,,2022,,0
Nevada,2002,Nondiscrimination,P,2009,0,0
Nevada,2002,Nondiscrimination,P,2011,0,0
New Hampshire,2002,Nondiscrimination,P,2019,0,0
New Jersey,2002,Nondiscrimination,P,2006,0,0
New Mexico,2002,,,2022,,0
New York,2002,Nondiscrimination,P,2010,0,0
North Carolina,2002,,,2022,,0
North Dakota,2002,,,2022,,0
Ohio,2002,,,2022,,0
Oklahoma,2002,,,2022,,0
Oregon,2002,Nondiscrimination,P,2007,0,0
Pennsylvania,2002,,,2022,,0
Rhode Island,2002,,,2022,,0
South Carolina,2002,,,2022,,0
South Dakota,2002,Nondiscrimination,N,2012,0,0
Tennessee,2002,,,2022,,0
Texas,2002,,,2022,,0
Utah,2002,,,2022,,0
Vermont,2002,Nondiscrimination,P,2007,0,0
Virginia,2002,Nondiscrimination,P,2020,0,0
Washington,2002,Nondiscrimination,P,2002,1,1
Washington,2002,Nondiscrimination,P,2009,0,0
West Virginia,2002,,,2022,,0
Wyoming,2002,,,2022,,0
Alabama,2003,,,2022,,0
Alaska,2003,Nondiscrimination,P,2020,0,0
Arizona,2003,,,2022,,0
Arkansas,2003,,,2022,,0
California,2003,Nondiscrimination,P,2012,0,0
California,2003,Nondiscrimination,P,2012,0,0
Colorado,2003,Nondiscrimination,P,2008,0,0
Connecticut,2003,Nondiscrimination,P,2011,0,0
Connecticut,2003,Nondiscrimination,P,2020,0,0
Delaware,2003,,,2022,,0
Florida,2003,,,2022,,0
Georgia,2003,,,2022,,0
Hawaii,2003,Nondiscrimination,P,2018,0,0
Idaho,2003,,,2022,,0
Illinois,2003,Nondiscrimination,P,2005,0,0
Indiana,2003,,,2022,,0
Iowa,2003,Nondiscrimination,P,2007,0,0
Kansas,2003,,,2022,,0
Kentucky,2003,,,2022,,0
Lousiana,2003,,,2022,,0
Maine,2003,Nondiscrimination,P,2005,0,0
Maryland,2003,Nondiscrimination,P,2022,0,0
Massachusetts,2003,Nondiscrimination,P,2011,0,0
Michigan,2003,Nondiscrimination,P,2022,0,0
Mississippi,2003,,,2022,,0
Missouri,2003,Nondiscrimination,N,2006,0,0
Montana,2003,,,2022,,0
Nebraska,2003,,,2022,,0
Nevada,2003,Nondiscrimination,P,2009,0,0
Nevada,2003,Nondiscrimination,P,2011,0,0
New Hampshire,2003,Nondiscrimination,P,2019,0,0
New Jersey,2003,Nondiscrimination,P,2006,0,0
New Mexico,2003,,,2022,,0
New York,2003,Nondiscrimination,P,2010,0,0
North Carolina,2003,,,2022,,0
North Dakota,2003,,,2022,,0
Ohio,2003,,,2022,,0
Oklahoma,2003,,,2022,,0
Oregon,2003,Nondiscrimination,P,2007,0,0
Pennsylvania,2003,,,2022,,0
Rhode Island,2003,,,2022,,0
South Carolina,2003,,,2022,,0
South Dakota,2003,Nondiscrimination,N,2012,0,0
Tennessee,2003,,,2022,,0
Texas,2003,,,2022,,0
Utah,2003,,,2022,,0
Vermont,2003,Nondiscrimination,P,2007,0,0
Virginia,2003,Nondiscrimination,P,2020,0,0
Washington,2003,Nondiscrimination,P,2009,0,0
West Virginia,2003,,,2022,,0
Wyoming,2003,,,2022,,0
Alabama,2004,,,2022,,0
Alaska,2004,Nondiscrimination,P,2020,0,0
Arizona,2004,,,2022,,0
Arkansas,2004,,,2022,,0
California,2004,Nondiscrimination,P,2012,0,0
California,2004,Nondiscrimination,P,2012,0,0
Colorado,2004,Nondiscrimination,P,2008,0,0
Connecticut,2004,Nondiscrimination,P,2011,0,0
Connecticut,2004,Nondiscrimination,P,2020,0,0
Delaware,2004,,,2022,,0
Florida,2004,,,2022,,0
Georgia,2004,,,2022,,0
Hawaii,2004,Nondiscrimination,P,2018,0,0
Idaho,2004,,,2022,,0
Illinois,2004,Nondiscrimination,P,2005,0,0
Indiana,2004,,,2022,,0
Iowa,2004,Nondiscrimination,P,2007,0,0
Kansas,2004,,,2022,,0
Kentucky,2004,,,2022,,0
Lousiana,2004,,,2022,,0
Maine,2004,Nondiscrimination,P,2005,0,0
Maryland,2004,Nondiscrimination,P,2022,0,0
Massachusetts,2004,Nondiscrimination,P,2011,0,0
Michigan,2004,Nondiscrimination,P,2022,0,0
Mississippi,2004,,,2022,,0
Missouri,2004,Nondiscrimination,N,2006,0,0
Montana,2004,,,2022,,0
Nebraska,2004,,,2022,,0
Nevada,2004,Nondiscrimination,P,2009,0,0
Nevada,2004,Nondiscrimination,P,2011,0,0
New Hampshire,2004,Nondiscrimination,P,2019,0,0
New Jersey,2004,Nondiscrimination,P,2006,0,0
New Mexico,2004,,,2022,,0
New York,2004,Nondiscrimination,P,2010,0,0
North Carolina,2004,,,2022,,0
North Dakota,2004,,,2022,,0
Ohio,2004,,,2022,,0
Oklahoma,2004,,,2022,,0
Oregon,2004,Nondiscrimination,P,2007,0,0
Pennsylvania,2004,,,2022,,0
Rhode Island,2004,,,2022,,0
South Carolina,2004,,,2022,,0
South Dakota,2004,Nondiscrimination,N,2012,0,0
Tennessee,2004,,,2022,,0
Texas,2004,,,2022,,0
Utah,2004,,,2022,,0
Vermont,2004,Nondiscrimination,P,2007,0,0
Virginia,2004,Nondiscrimination,P,2020,0,0
Washington,2004,Nondiscrimination,P,2009,0,0
West Virginia,2004,,,2022,,0
Wyoming,2004,,,2022,,0
Alabama,2005,,,2022,,0
Alaska,2005,Nondiscrimination,P,2020,0,0
Arizona,2005,,,2022,,0
Arkansas,2005,,,2022,,0
California,2005,Nondiscrimination,P,2012,0,0
California,2005,Nondiscrimination,P,2012,0,0
Colorado,2005,Nondiscrimination,P,2008,0,0
Connecticut,2005,Nondiscrimination,P,2011,0,0
Connecticut,2005,Nondiscrimination,P,2020,0,0
Delaware,2005,,,2022,,0
Florida,2005,,,2022,,0
Georgia,2005,,,2022,,0
Hawaii,2005,Nondiscrimination,P,2018,0,0
Idaho,2005,,,2022,,0
Illinois,2005,Nondiscrimination,P,2005,1,1
Indiana,2005,,,2022,,0
Iowa,2005,Nondiscrimination,P,2007,0,0
Kansas,2005,,,2022,,0
Kentucky,2005,,,2022,,0
Lousiana,2005,,,2022,,0
Maine,2005,Nondiscrimination,P,2005,1,1
Maryland,2005,Nondiscrimination,P,2022,0,0
Massachusetts,2005,Nondiscrimination,P,2011,0,0
Michigan,2005,Nondiscrimination,P,2022,0,0
Mississippi,2005,,,2022,,0
Missouri,2005,Nondiscrimination,N,2006,0,0
Montana,2005,,,2022,,0
Nebraska,2005,,,2022,,0
Nevada,2005,Nondiscrimination,P,2009,0,0
Nevada,2005,Nondiscrimination,P,2011,0,0
New Hampshire,2005,Nondiscrimination,P,2019,0,0
New Jersey,2005,Nondiscrimination,P,2006,0,0
New Mexico,2005,,,2022,,0
New York,2005,Nondiscrimination,P,2010,0,0
North Carolina,2005,,,2022,,0
North Dakota,2005,,,2022,,0
Ohio,2005,,,2022,,0
Oklahoma,2005,,,2022,,0
Oregon,2005,Nondiscrimination,P,2007,0,0
Pennsylvania,2005,,,2022,,0
Rhode Island,2005,,,2022,,0
South Carolina,2005,,,2022,,0
South Dakota,2005,Nondiscrimination,N,2012,0,0
Tennessee,2005,,,2022,,0
Texas,2005,,,2022,,0
Utah,2005,,,2022,,0
Vermont,2005,Nondiscrimination,P,2007,0,0
Virginia,2005,Nondiscrimination,P,2020,0,0
Washington,2005,Nondiscrimination,P,2009,0,0
West Virginia,2005,,,2022,,0
Wyoming,2005,,,2022,,0
Alabama,2006,,,2022,,0
Alaska,2006,Nondiscrimination,P,2020,0,0
Arizona,2006,,,2022,,0
Arkansas,2006,,,2022,,0
California,2006,Nondiscrimination,P,2012,0,0
California,2006,Nondiscrimination,P,2012,0,0
Colorado,2006,Nondiscrimination,P,2008,0,0
Connecticut,2006,Nondiscrimination,P,2011,0,0
Connecticut,2006,Nondiscrimination,P,2020,0,0
Delaware,2006,,,2022,,0
Florida,2006,,,2022,,0
Georgia,2006,,,2022,,0
Hawaii,2006,Nondiscrimination,P,2018,0,0
Idaho,2006,,,2022,,0
Indiana,2006,,,2022,,0
Iowa,2006,Nondiscrimination,P,2007,0,0
Kansas,2006,,,2022,,0
Kentucky,2006,,,2022,,0
Lousiana,2006,,,2022,,0
Maryland,2006,Nondiscrimination,P,2022,0,0
Massachusetts,2006,Nondiscrimination,P,2011,0,0
Michigan,2006,Nondiscrimination,P,2022,0,0
Mississippi,2006,,,2022,,0
Missouri,2006,Nondiscrimination,N,2006,1,1
Montana,2006,,,2022,,0
Nebraska,2006,,,2022,,0
Nevada,2006,Nondiscrimination,P,2009,0,0
Nevada,2006,Nondiscrimination,P,2011,0,0
New Hampshire,2006,Nondiscrimination,P,2019,0,0
New Jersey,2006,Nondiscrimination,P,2006,1,1
New Mexico,2006,,,2022,,0
New York,2006,Nondiscrimination,P,2010,0,0
North Carolina,2006,,,2022,,0
North Dakota,2006,,,2022,,0
Ohio,2006,,,2022,,0
Oklahoma,2006,,,2022,,0
Oregon,2006,Nondiscrimination,P,2007,0,0
Pennsylvania,2006,,,2022,,0
Rhode Island,2006,,,2022,,0
South Carolina,2006,,,2022,,0
South Dakota,2006,Nondiscrimination,N,2012,0,0
Tennessee,2006,,,2022,,0
Texas,2006,,,2022,,0
Utah,2006,,,2022,,0
Vermont,2006,Nondiscrimination,P,2007,0,0
Virginia,2006,Nondiscrimination,P,2020,0,0
Washington,2006,Nondiscrimination,P,2009,0,0
West Virginia,2006,,,2022,,0
Wyoming,2006,,,2022,,0
Alabama,2007,,,2022,,0
Alaska,2007,Nondiscrimination,P,2020,0,0
Arizona,2007,,,2022,,0
Arkansas,2007,,,2022,,0
California,2007,Nondiscrimination,P,2012,0,0
California,2007,Nondiscrimination,P,2012,0,0
Colorado,2007,Nondiscrimination,P,2008,0,0
Connecticut,2007,Nondiscrimination,P,2011,0,0
Connecticut,2007,Nondiscrimination,P,2020,0,0
Delaware,2007,,,2022,,0
Florida,2007,,,2022,,0
Georgia,2007,,,2022,,0
Hawaii,2007,Nondiscrimination,P,2018,0,0
Idaho,2007,,,2022,,0
Indiana,2007,,,2022,,0
Iowa,2007,Nondiscrimination,P,2007,1,1
Kansas,2007,,,2022,,0
Kentucky,2007,,,2022,,0
Lousiana,2007,,,2022,,0
Maryland,2007,Nondiscrimination,P,2022,0,0
Massachusetts,2007,Nondiscrimination,P,2011,0,0
Michigan,2007,Nondiscrimination,P,2022,0,0
Mississippi,2007,,,2022,,0
Montana,2007,,,2022,,0
Nebraska,2007,,,2022,,0
Nevada,2007,Nondiscrimination,P,2009,0,0
Nevada,2007,Nondiscrimination,P,2011,0,0
New Hampshire,2007,Nondiscrimination,P,2019,0,0
New Mexico,2007,,,2022,,0
New York,2007,Nondiscrimination,P,2010,0,0
North Carolina,2007,,,2022,,0
North Dakota,2007,,,2022,,0
Ohio,2007,,,2022,,0
Oklahoma,2007,,,2022,,0
Oregon,2007,Nondiscrimination,P,2007,1,1
Pennsylvania,2007,,,2022,,0
Rhode Island,2007,,,2022,,0
South Carolina,2007,,,2022,,0
South Dakota,2007,Nondiscrimination,N,2012,0,0
Tennessee,2007,,,2022,,0
Texas,2007,,,2022,,0
Utah,2007,,,2022,,0
Vermont,2007,Nondiscrimination,P,2007,1,1
Virginia,2007,Nondiscrimination,P,2020,0,0
Washington,2007,Nondiscrimination,P,2009,0,0
West Virginia,2007,,,2022,,0
Wyoming,2007,,,2022,,0
Alabama,2008,,,2022,,0
Alaska,2008,Nondiscrimination,P,2020,0,0
Arizona,2008,,,2022,,0
Arkansas,2008,,,2022,,0
California,2008,Nondiscrimination,P,2012,0,0
California,2008,Nondiscrimination,P,2012,0,0
Colorado,2008,Nondiscrimination,P,2008,1,1
Connecticut,2008,Nondiscrimination,P,2011,0,0
Connecticut,2008,Nondiscrimination,P,2020,0,0
Delaware,2008,,,2022,,0
Florida,2008,,,2022,,0
Georgia,2008,,,2022,,0
Hawaii,2008,Nondiscrimination,P,2018,0,0
Idaho,2008,,,2022,,0
Indiana,2008,,,2022,,0
Kansas,2008,,,2022,,0
Kentucky,2008,,,2022,,0
Lousiana,2008,,,2022,,0
Maryland,2008,Nondiscrimination,P,2022,0,0
Massachusetts,2008,Nondiscrimination,P,2011,0,0
Michigan,2008,Nondiscrimination,P,2022,0,0
Mississippi,2008,,,2022,,0
Montana,2008,,,2022,,0
Nebraska,2008,,,2022,,0
Nevada,2008,Nondiscrimination,P,2009,0,0
Nevada,2008,Nondiscrimination,P,2011,0,0
New Hampshire,2008,Nondiscrimination,P,2019,0,0
New Mexico,2008,,,2022,,0
New York,2008,Nondiscrimination,P,2010,0,0
North Carolina,2008,,,2022,,0
North Dakota,2008,,,2022,,0
Ohio,2008,,,2022,,0
Oklahoma,2008,,,2022,,0
Pennsylvania,2008,,,2022,,0
Rhode Island,2008,,,2022,,0
South Carolina,2008,,,2022,,0
South Dakota,2008,Nondiscrimination,N,2012,0,0
Tennessee,2008,,,2022,,0
Texas,2008,,,2022,,0
Utah,2008,,,2022,,0
Virginia,2008,Nondiscrimination,P,2020,0,0
Washington,2008,Nondiscrimination,P,2009,0,0
West Virginia,2008,,,2022,,0
Wyoming,2008,,,2022,,0
Alabama,2009,,,2022,,0
Alaska,2009,Nondiscrimination,P,2020,0,0
Arizona,2009,,,2022,,0
Arkansas,2009,,,2022,,0
California,2009,Nondiscrimination,P,2012,0,0
California,2009,Nondiscrimination,P,2012,0,0
Connecticut,2009,Nondiscrimination,P,2011,0,0
Connecticut,2009,Nondiscrimination,P,2020,0,0
Delaware,2009,,,2022,,0
Florida,2009,,,2022,,0
Georgia,2009,,,2022,,0
Hawaii,2009,Nondiscrimination,P,2018,0,0
Idaho,2009,,,2022,,0
Indiana,2009,,,2022,,0
Kansas,2009,,,2022,,0
Kentucky,2009,,,2022,,0
Lousiana,2009,,,2022,,0
Maryland,2009,Nondiscrimination,P,2022,0,0
Massachusetts,2009,Nondiscrimination,P,2011,0,0
Michigan,2009,Nondiscrimination,P,2022,0,0
Mississippi,2009,,,2022,,0
Montana,2009,,,2022,,0
Nebraska,2009,,,2022,,0
Nevada,2009,Nondiscrimination,P,2009,1,1
Nevada,2009,Nondiscrimination,P,2011,0,0
New Hampshire,2009,Nondiscrimination,P,2019,0,0
New Mexico,2009,,,2022,,0
New York,2009,Nondiscrimination,P,2010,0,0
North Carolina,2009,,,2022,,0
North Dakota,2009,,,2022,,0
Ohio,2009,,,2022,,0
Oklahoma,2009,,,2022,,0
Pennsylvania,2009,,,2022,,0
Rhode Island,2009,,,2022,,0
South Carolina,2009,,,2022,,0
South Dakota,2009,Nondiscrimination,N,2012,0,0
Tennessee,2009,,,2022,,0
Texas,2009,,,2022,,0
Utah,2009,,,2022,,0
Virginia,2009,Nondiscrimination,P,2020,0,0
Washington,2009,Nondiscrimination,P,2009,1,1
West Virginia,2009,,,2022,,0
Wyoming,2009,,,2022,,0
Alabama,2010,,,2022,,0
Alaska,2010,Nondiscrimination,P,2020,0,0
Arizona,2010,,,2022,,0
Arkansas,2010,,,2022,,0
California,2010,Nondiscrimination,P,2012,0,0
California,2010,Nondiscrimination,P,2012,0,0
Connecticut,2010,Nondiscrimination,P,2011,0,0
Connecticut,2010,Nondiscrimination,P,2020,0,0
Delaware,2010,,,2022,,0
Florida,2010,,,2022,,0
Georgia,2010,,,2022,,0
Hawaii,2010,Nondiscrimination,P,2018,0,0
Idaho,2010,,,2022,,0
Indiana,2010,,,2022,,0
Kansas,2010,,,2022,,0
Kentucky,2010,,,2022,,0
Lousiana,2010,,,2022,,0
Maryland,2010,Nondiscrimination,P,2022,0,0
Massachusetts,2010,Nondiscrimination,P,2011,0,0
Michigan,2010,Nondiscrimination,P,2022,0,0
Mississippi,2010,,,2022,,0
Montana,2010,,,2022,,0
Nebraska,2010,,,2022,,0
Nevada,2010,Nondiscrimination,P,2011,0,0
New Hampshire,2010,Nondiscrimination,P,2019,0,0
New Mexico,2010,,,2022,,0
New York,2010,Nondiscrimination,P,2010,1,1
North Carolina,2010,,,2022,,0
North Dakota,2010,,,2022,,0
Ohio,2010,,,2022,,0
Oklahoma,2010,,,2022,,0
Pennsylvania,2010,,,2022,,0
Rhode Island,2010,,,2022,,0
South Carolina,2010,,,2022,,0
South Dakota,2010,Nondiscrimination,N,2012,0,0
Tennessee,2010,,,2022,,0
Texas,2010,,,2022,,0
Utah,2010,,,2022,,0
Virginia,2010,Nondiscrimination,P,2020,0,0
West Virginia,2010,,,2022,,0
Wyoming,2010,,,2022,,0
Alabama,2011,,,2022,,0
Alaska,2011,Nondiscrimination,P,2020,0,0
Arizona,2011,,,2022,,0
Arkansas,2011,,,2022,,0
California,2011,Nondiscrimination,P,2012,0,0
California,2011,Nondiscrimination,P,2012,0,0
Connecticut,2011,Nondiscrimination,P,2011,1,1
Connecticut,2011,Nondiscrimination,P,2020,0,0
Delaware,2011,,,2022,,0
Florida,2011,,,2022,,0
Georgia,2011,,,2022,,0
Hawaii,2011,Nondiscrimination,P,2018,0,0
Idaho,2011,,,2022,,0
Indiana,2011,,,2022,,0
Kansas,2011,,,2022,,0
Kentucky,2011,,,2022,,0
Lousiana,2011,,,2022,,0
Maryland,2011,Nondiscrimination,P,2022,0,0
Massachusetts,2011,Nondiscrimination,P,2011,1,1
Michigan,2011,Nondiscrimination,P,2022,0,0
Mississippi,2011,,,2022,,0
Montana,2011,,,2022,,0
Nebraska,2011,,,2022,,0
Nevada,2011,Nondiscrimination,P,2011,1,1
New Hampshire,2011,Nondiscrimination,P,2019,0,0
New Mexico,2011,,,2022,,0
North Carolina,2011,,,2022,,0
North Dakota,2011,,,2022,,0
Ohio,2011,,,2022,,0
Oklahoma,2011,,,2022,,0
Pennsylvania,2011,,,2022,,0
Rhode Island,2011,,,2022,,0
South Carolina,2011,,,2022,,0
South Dakota,2011,Nondiscrimination,N,2012,0,0
Tennessee,2011,,,2022,,0
Texas,2011,,,2022,,0
Utah,2011,,,2022,,0
Virginia,2011,Nondiscrimination,P,2020,0,0
West Virginia,2011,,,2022,,0
Wyoming,2011,,,2022,,0
Alabama,2012,,,2022,,0
Alaska,2012,Nondiscrimination,P,2020,0,0
Arizona,2012,,,2022,,0
Arkansas,2012,,,2022,,0
California,2012,Nondiscrimination,P,2012,1,1
California,2012,Nondiscrimination,P,2012,1,1
Connecticut,2012,Nondiscrimination,P,2020,0,0
Delaware,2012,,,2022,,0
Florida,2012,,,2022,,0
Georgia,2012,,,2022,,0
Hawaii,2012,Nondiscrimination,P,2018,0,0
Idaho,2012,,,2022,,0
Indiana,2012,,,2022,,0
Kansas,2012,,,2022,,0
Kentucky,2012,,,2022,,0
Lousiana,2012,,,2022,,0
Maryland,2012,Nondiscrimination,P,2022,0,0
Michigan,2012,Nondiscrimination,P,2022,0,0
Mississippi,2012,,,2022,,0
Montana,2012,,,2022,,0
Nebraska,2012,,,2022,,0
New Hampshire,2012,Nondiscrimination,P,2019,0,0
New Mexico,2012,,,2022,,0
North Carolina,2012,,,2022,,0
North Dakota,2012,,,2022,,0
Ohio,2012,,,2022,,0
Oklahoma,2012,,,2022,,0
Pennsylvania,2012,,,2022,,0
Rhode Island,2012,,,2022,,0
South Carolina,2012,,,2022,,0
South Dakota,2012,Nondiscrimination,N,2012,1,1
Tennessee,2012,,,2022,,0
Texas,2012,,,2022,,0
Utah,2012,,,2022,,0
Virginia,2012,Nondiscrimination,P,2020,0,0
West Virginia,2012,,,2022,,0
Wyoming,2012,,,2022,,0
Alabama,2013,,,2022,,0
Alaska,2013,Nondiscrimination,P,2020,0,0
Arizona,2013,,,2022,,0
Arkansas,2013,,,2022,,0
Connecticut,2013,Nondiscrimination,P,2020,0,0
Delaware,2013,,,2022,,0
Florida,2013,,,2022,,0
Georgia,2013,,,2022,,0
Hawaii,2013,Nondiscrimination,P,2018,0,0
Idaho,2013,,,2022,,0
Indiana,2013,,,2022,,0
Kansas,2013,,,2022,,0
Kentucky,2013,,,2022,,0
Lousiana,2013,,,2022,,0
Maryland,2013,Nondiscrimination,P,2022,0,0
Michigan,2013,Nondiscrimination,P,2022,0,0
Mississippi,2013,,,2022,,0
Montana,2013,,,2022,,0
Nebraska,2013,,,2022,,0
New Hampshire,2013,Nondiscrimination,P,2019,0,0
New Mexico,2013,,,2022,,0
North Carolina,2013,,,2022,,0
North Dakota,2013,,,2022,,0
Ohio,2013,,,2022,,0
Oklahoma,2013,,,2022,,0
Pennsylvania,2013,,,2022,,0
Rhode Island,2013,,,2022,,0
South Carolina,2013,,,2022,,0
Tennessee,2013,,,2022,,0
Texas,2013,,,2022,,0
Utah,2013,,,2022,,0
Virginia,2013,Nondiscrimination,P,2020,0,0
West Virginia,2013,,,2022,,0
Wyoming,2013,,,2022,,0
Alabama,2014,,,2022,,0
Alaska,2014,Nondiscrimination,P,2020,0,0
Arizona,2014,,,2022,,0
Arkansas,2014,,,2022,,0
Connecticut,2014,Nondiscrimination,P,2020,0,0
Delaware,2014,,,2022,,0
Florida,2014,,,2022,,0
Georgia,2014,,,2022,,0
Hawaii,2014,Nondiscrimination,P,2018,0,0
Idaho,2014,,,2022,,0
Indiana,2014,,,2022,,0
Kansas,2014,,,2022,,0
Kentucky,2014,,,2022,,0
Lousiana,2014,,,2022,,0
Maryland,2014,Nondiscrimination,P,2022,0,0
Michigan,2014,Nondiscrimination,P,2022,0,0
Mississippi,2014,,,2022,,0
Montana,2014,,,2022,,0
Nebraska,2014,,,2022,,0
New Hampshire,2014,Nondiscrimination,P,2019,0,0
New Mexico,2014,,,2022,,0
North Carolina,2014,,,2022,,0
North Dakota,2014,,,2022,,0
Ohio,2014,,,2022,,0
Oklahoma,2014,,,2022,,0
Pennsylvania,2014,,,2022,,0
Rhode Island,2014,,,2022,,0
South Carolina,2014,,,2022,,0
Tennessee,2014,,,2022,,0
Texas,2014,,,2022,,0
Utah,2014,,,2022,,0
Virginia,2014,Nondiscrimination,P,2020,0,0
West Virginia,2014,,,2022,,0
Wyoming,2014,,,2022,,0
Alabama,2015,,,2022,,0
Alaska,2015,Nondiscrimination,P,2020,0,0
Arizona,2015,,,2022,,0
Arkansas,2015,,,2022,,0
Connecticut,2015,Nondiscrimination,P,2020,0,0
Delaware,2015,,,2022,,0
Florida,2015,,,2022,,0
Georgia,2015,,,2022,,0
Hawaii,2015,Nondiscrimination,P,2018,0,0
Idaho,2015,,,2022,,0
Indiana,2015,,,2022,,0
Kansas,2015,,,2022,,0
Kentucky,2015,,,2022,,0
Lousiana,2015,,,2022,,0
Maryland,2015,Nondiscrimination,P,2022,0,0
Michigan,2015,Nondiscrimination,P,2022,0,0
Mississippi,2015,,,2022,,0
Montana,2015,,,2022,,0
Nebraska,2015,,,2022,,0
New Hampshire,2015,Nondiscrimination,P,2019,0,0
New Mexico,2015,,,2022,,0
North Carolina,2015,,,2022,,0
North Dakota,2015,,,2022,,0
Ohio,2015,,,2022,,0
Oklahoma,2015,,,2022,,0
Pennsylvania,2015,,,2022,,0
Rhode Island,2015,,,2022,,0
South Carolina,2015,,,2022,,0
Tennessee,2015,,,2022,,0
Texas,2015,,,2022,,0
Utah,2015,,,2022,,0
Virginia,2015,Nondiscrimination,P,2020,0,0
West Virginia,2015,,,2022,,0
Wyoming,2015,,,2022,,0
Alabama,2016,,,2022,,0
Alaska,2016,Nondiscrimination,P,2020,0,0
Arizona,2016,,,2022,,0
Arkansas,2016,,,2022,,0
Connecticut,2016,Nondiscrimination,P,2020,0,0
Delaware,2016,,,2022,,0
Florida,2016,,,2022,,0
Georgia,2016,,,2022,,0
Hawaii,2016,Nondiscrimination,P,2018,0,0
Idaho,2016,,,2022,,0
Indiana,2016,,,2022,,0
Kansas,2016,,,2022,,0
Kentucky,2016,,,2022,,0
Lousiana,2016,,,2022,,0
Maryland,2016,Nondiscrimination,P,2022,0,0
Michigan,2016,Nondiscrimination,P,2022,0,0
Mississippi,2016,,,2022,,0
Montana,2016,,,2022,,0
Nebraska,2016,,,2022,,0
New Hampshire,2016,Nondiscrimination,P,2019,0,0
New Mexico,2016,,,2022,,0
North Carolina,2016,,,2022,,0
North Dakota,2016,,,2022,,0
Ohio,2016,,,2022,,0
Oklahoma,2016,,,2022,,0
Pennsylvania,2016,,,2022,,0
Rhode Island,2016,,,2022,,0
South Carolina,2016,,,2022,,0
Tennessee,2016,,,2022,,0
Texas,2016,,,2022,,0
Utah,2016,,,2022,,0
Virginia,2016,Nondiscrimination,P,2020,0,0
West Virginia,2016,,,2022,,0
Wyoming,2016,,,2022,,0
Alabama,2017,,,2022,,0
Alaska,2017,Nondiscrimination,P,2020,0,0
Arizona,2017,,,2022,,0
Arkansas,2017,,,2022,,0
Connecticut,2017,Nondiscrimination,P,2020,0,0
Delaware,2017,,,2022,,0
Florida,2017,,,2022,,0
Georgia,2017,,,2022,,0
Hawaii,2017,Nondiscrimination,P,2018,0,0
Idaho,2017,,,2022,,0
Indiana,2017,,,2022,,0
Kansas,2017,,,2022,,0
Kentucky,2017,,,2022,,0
Lousiana,2017,,,2022,,0
Maryland,2017,Nondiscrimination,P,2022,0,0
Michigan,2017,Nondiscrimination,P,2022,0,0
Mississippi,2017,,,2022,,0
Montana,2017,,,2022,,0
Nebraska,2017,,,2022,,0
New Hampshire,2017,Nondiscrimination,P,2019,0,0
New Mexico,2017,,,2022,,0
North Carolina,2017,,,2022,,0
North Dakota,2017,,,2022,,0
Ohio,2017,,,2022,,0
Oklahoma,2017,,,2022,,0
Pennsylvania,2017,,,2022,,0
Rhode Island,2017,,,2022,,0
South Carolina,2017,,,2022,,0
Tennessee,2017,,,2022,,0
Texas,2017,,,2022,,0
Utah,2017,,,2022,,0
Virginia,2017,Nondiscrimination,P,2020,0,0
West Virginia,2017,,,2022,,0
Wyoming,2017,,,2022,,0
Alabama,2018,,,2022,,0
Alaska,2018,Nondiscrimination,P,2020,0,0
Arizona,2018,,,2022,,0
Arkansas,2018,,,2022,,0
Connecticut,2018,Nondiscrimination,P,2020,0,0
Delaware,2018,,,2022,,0
Florida,2018,,,2022,,0
Georgia,2018,,,2022,,0
Hawaii,2018,Nondiscrimination,P,2018,1,1
Idaho,2018,,,2022,,0
Indiana,2018,,,2022,,0
Kansas,2018,,,2022,,0
Kentucky,2018,,,2022,,0
Lousiana,2018,,,2022,,0
Maryland,2018,Nondiscrimination,P,2022,0,0
Michigan,2018,Nondiscrimination,P,2022,0,0
Mississippi,2018,,,2022,,0
Montana,2018,,,2022,,0
Nebraska,2018,,,2022,,0
New Hampshire,2018,Nondiscrimination,P,2019,0,0
New Mexico,2018,,,2022,,0
North Carolina,2018,,,2022,,0
North Dakota,2018,,,2022,,0
Ohio,2018,,,2022,,0
Oklahoma,2018,,,2022,,0
Pennsylvania,2018,,,2022,,0
Rhode Island,2018,,,2022,,0
South Carolina,2018,,,2022,,0
Tennessee,2018,,,2022,,0
Texas,2018,,,2022,,0
Utah,2018,,,2022,,0
Virginia,2018,Nondiscrimination,P,2020,0,0
West Virginia,2018,,,2022,,0
Wyoming,2018,,,2022,,0
Alabama,2019,,,2022,,0
Alaska,2019,Nondiscrimination,P,2020,0,0
Arizona,2019,,,2022,,0
Arkansas,2019,,,2022,,0
Connecticut,2019,Nondiscrimination,P,2020,0,0
Delaware,2019,,,2022,,0
Florida,2019,,,2022,,0
Georgia,2019,,,2022,,0
Idaho,2019,,,2022,,0
Indiana,2019,,,2022,,0
Kansas,2019,,,2022,,0
Kentucky,2019,,,2022,,0
Lousiana,2019,,,2022,,0
Maryland,2019,Nondiscrimination,P,2022,0,0
Michigan,2019,Nondiscrimination,P,2022,0,0
Mississippi,2019,,,2022,,0
Montana,2019,,,2022,,0
Nebraska,2019,,,2022,,0
New Hampshire,2019,Nondiscrimination,P,2019,1,1
New Mexico,2019,,,2022,,0
North Carolina,2019,,,2022,,0
North Dakota,2019,,,2022,,0
Ohio,2019,,,2022,,0
Oklahoma,2019,,,2022,,0
Pennsylvania,2019,,,2022,,0
Rhode Island,2019,,,2022,,0
South Carolina,2019,,,2022,,0
Tennessee,2019,,,2022,,0
Texas,2019,,,2022,,0
Utah,2019,,,2022,,0
Virginia,2019,Nondiscrimination,P,2020,0,0
West Virginia,2019,,,2022,,0
Wyoming,2019,,,2022,,0
Alabama,2020,,,2022,,0
Alaska,2020,Nondiscrimination,P,2020,1,1
Arizona,2020,,,2022,,0
Arkansas,2020,,,2022,,0
Connecticut,2020,Nondiscrimination,P,2020,1,1
Delaware,2020,,,2022,,0
Florida,2020,,,2022,,0
Georgia,2020,,,2022,,0
Idaho,2020,,,2022,,0
Indiana,2020,,,2022,,0
Kansas,2020,,,2022,,0
Kentucky,2020,,,2022,,0
Lousiana,2020,,,2022,,0
Maryland,2020,Nondiscrimination,P,2022,0,0
Michigan,2020,Nondiscrimination,P,2022,0,0
Mississippi,2020,,,2022,,0
Montana,2020,,,2022,,0
Nebraska,2020,,,2022,,0
New Mexico,2020,,,2022,,0
North Carolina,2020,,,2022,,0
North Dakota,2020,,,2022,,0
Ohio,2020,,,2022,,0
Oklahoma,2020,,,2022,,0
Pennsylvania,2020,,,2022,,0
Rhode Island,2020,,,2022,,0
South Carolina,2020,,,2022,,0
Tennessee,2020,,,2022,,0
Texas,2020,,,2022,,0
Utah,2020,,,2022,,0
Virginia,2020,Nondiscrimination,P,2020,1,1
West Virginia,2020,,,2022,,0
Wyoming,2020,,,2022,,0
Alabama,2021,,,2022,,0
Arizona,2021,,,2022,,0
Arkansas,2021,,,2022,,0
Delaware,2021,,,2022,,0
Florida,2021,,,2022,,0
Georgia,2021,,,2022,,0
Idaho,2021,,,2022,,0
Indiana,2021,,,2022,,0
Kansas,2021,,,2022,,0
Kentucky,2021,,,2022,,0
Lousiana,2021,,,2022,,0
Maryland,2021,Nondiscrimination,P,2022,0,0
Michigan,2021,Nondiscrimination,P,2022,0,0
Mississippi,2021,,,2022,,0
Montana,2021,,,2022,,0
Nebraska,2021,,,2022,,0
New Mexico,2021,,,2022,,0
North Carolina,2021,,,2022,,0
North Dakota,2021,,,2022,,0
Ohio,2021,,,2022,,0
Oklahoma,2021,,,2022,,0
Pennsylvania,2021,,,2022,,0
Rhode Island,2021,,,2022,,0
South Carolina,2021,,,2022,,0
Tennessee,2021,,,2022,,0
Texas,2021,,,2022,,0
Utah,2021,,,2022,,0
West Virginia,2021,,,2022,,0
Wyoming,2021,,,2022,,0
Alabama,2022,,,2022,,
Arizona,2022,,,2022,,
Arkansas,2022,,,2022,,
Delaware,2022,,,2022,,
Florida,2022,,,2022,,
Georgia,2022,,,2022,,
Idaho,2022,,,2022,,
Indiana,2022,,,2022,,
Kansas,2022,,,2022,,
Kentucky,2022,,,2022,,
Lousiana,2022,,,2022,,
Maryland,2022,Nondiscrimination,P,2022,1,1
Michigan,2022,Nondiscrimination,P,2022,1,1
Mississippi,2022,,,2022,,
Montana,2022,,,2022,,
Nebraska,2022,,,2022,,
New Mexico,2022,,,2022,,
North Carolina,2022,,,2022,,
North Dakota,2022,,,2022,,
Ohio,2022,,,2022,,
Oklahoma,2022,,,2022,,
Pennsylvania,2022,,,2022,,
Rhode Island,2022,,,2022,,
South Carolina,2022,,,2022,,
Tennessee,2022,,,2022,,
Texas,2022,,,2022,,
Utah,2022,,,2022,,
West Virginia,2022,,,2022,,
Wyoming,2022,,,2022,,
