"Label (Grouping)","Population 18 to 24 years","Less than high school graduate","High school graduate (includes equivalency)","Some college or associate's degree","Bachelor's degree or higher","Population 25 years and over","Population 25 years and over!!Less than 9th grade","Population 25 years and over!!9th to 12th grade, no diploma","Population 25 years and over!!High school graduate (includes equivalency)","Population 25 years and over!!Some college, no degree","Population 25 years and over!!Associate's degree","Population 25 years and over!!Bachelor's degree","Population 25 years and over!!Graduate or professional degree","Percent high school graduate or higher","Percent bachelor's degree or higher","Population 25 to 34 years","Population 25 to 34 years!!High school graduate or higher","Population 25 to 34 years!!Bachelor's degree or higher","Population 35 to 44 years","Population 35 to 44 years!!High school graduate or higher","Population 35 to 44 years!!Bachelor's degree or higher","Population 45 to 64 years","Population 45 to 64 years!!High school graduate or higher","Population 45 to 64 years!!Bachelor's degree or higher","Population 65 years and over","Population 65 years and over!!High school graduate or higher","Population 65 years and over!!Bachelor's degree or higher","POVERTY RATE FOR THE POPULATION 25 YEARS AND OVER FOR WHOM POVERTY STATUS IS DETERMINED BY EDUCATIONAL ATTAINMENT LEVEL","POVERTY RATE FOR THE POPULATION 25 YEARS AND OVER FOR WHOM POVERTY STATUS IS DETERMINED BY EDUCATIONAL ATTAINMENT LEVEL!!Less than high school graduate","POVERTY RATE FOR THE POPULATION 25 YEARS AND OVER FOR WHOM POVERTY STATUS IS DETERMINED BY EDUCATIONAL ATTAINMENT LEVEL!!High school graduate (includes equivalency)","POVERTY RATE FOR THE POPULATION 25 YEARS AND OVER FOR WHOM POVERTY STATUS IS DETERMINED BY EDUCATIONAL ATTAINMENT LEVEL!!Some college or associate's degree","POVERTY RATE FOR THE POPULATION 25 YEARS AND OVER FOR WHOM POVERTY STATUS IS DETERMINED BY EDUCATIONAL ATTAINMENT LEVEL!!Bachelor's degree or higher","MEDIAN EARNINGS IN THE PAST 12 MONTHS (IN 2014 INFLATION-ADJUSTED DOLLARS)","MEDIAN EARNINGS IN THE PAST 12 MONTHS (IN 2014 INFLATION-ADJUSTED DOLLARS)!!Population 25 years and over with earnings","MEDIAN EARNINGS IN THE PAST 12 MONTHS (IN 2014 INFLATION-ADJUSTED DOLLARS)!!Population 25 years and over with earnings!!Less than high school graduate","MEDIAN EARNINGS IN THE PAST 12 MONTHS (IN 2014 INFLATION-ADJUSTED DOLLARS)!!Population 25 years and over with earnings!!High school graduate (includes equivalency)","MEDIAN EARNINGS IN THE PAST 12 MONTHS (IN 2014 INFLATION-ADJUSTED DOLLARS)!!Population 25 years and over with earnings!!Some college or associate's degree","MEDIAN EARNINGS IN THE PAST 12 MONTHS (IN 2014 INFLATION-ADJUSTED DOLLARS)!!Population 25 years and over with earnings!!Bachelor's degree","MEDIAN EARNINGS IN THE PAST 12 MONTHS (IN 2014 INFLATION-ADJUSTED DOLLARS)!!Population 25 years and over with earnings!!Graduate or professional degree","PERCENT IMPUTED","PERCENT IMPUTED!!Educational attainment"
"Alabama","","","","","","","","","","","","","","","","","","","","","","","","","","","","","","","","","","","","","","","","",""
"    Total","","","","","","","","","","","","","","","","","","","","","","","","","","","","","","","","","","","","","","","","",""
"        Estimate","484,011","16.1%","32.5%","44.6%","6.8%","3,256,766","5.1%","10.2%","31.6%","21.8%","7.9%","14.7%","8.8%","84.7%","23.5%","615,948","86.3%","25.1%","613,234","87.5%","26.2%","1,281,072","86.8%","24.0%","746,512","77.5%","19.0%","","32.7%","17.5%","12.5%","4.4%","","31,507","17,583","25,693","30,662","45,874","55,873","","7.1%"
"    Male","","","","","","","","","","","","","","","","","","","","","","","","","","","","","","","","","","","","","","","","",""
"        Estimate","245,070","18.8%","36.3%","39.5%","5.4%","1,536,770","5.2%","11.0%","32.6%","21.2%","6.8%","14.5%","8.6%","83.8%","23.1%","299,585","84.0%","21.8%","301,630","85.2%","23.2%","613,439","85.2%","23.0%","322,116","79.5%","24.6%","","28.4%","14.0%","9.4%","3.5%","","39,235","21,600","31,288","38,901","60,327","76,203","","(X)"
"    Female","","","","","","","","","","","","","","","","","","","","","","","","","","","","","","","","","","","","","","","","",""
"        Estimate","238,941","13.4%","28.5%","49.9%","8.1%","1,719,996","4.9%","9.5%","30.7%","22.3%","8.8%","14.8%","8.9%","85.6%","23.8%","316,363","88.5%","28.2%","311,604","89.7%","29.1%","667,633","88.3%","24.8%","424,396","76.0%","14.8%","","36.8%","20.7%","15.0%","5.2%","","25,495","12,685","20,461","24,508","36,958","50,047","","(X)"
"Alaska","","","","","","","","","","","","","","","","","","","","","","","","","","","","","","","","","","","","","","","","",""
"    Total","","","","","","","","","","","","","","","","","","","","","","","","","","","","","","","","","","","","","","","","",""
"        Estimate","84,814","14.5%","37.3%","41.2%","7.0%","465,149","2.7%","4.4%","28.4%","28.3%","8.2%","18.4%","9.6%","92.9%","28.0%","113,774","93.3%","24.2%","93,083","95.3%","30.6%","188,393","94.0%","28.1%","69,899","85.8%","30.4%","","20.6%","14.2%","6.4%","3.0%","","45,182","26,163","35,963","41,783","56,042","71,806","","7.1%"
"    Male","","","","","","","","","","","","","","","","","","","","","","","","","","","","","","","","","","","","","","","","",""
"        Estimate","48,494","13.8%","36.6%","43.6%","6.0%","242,227","2.3%","4.9%","31.0%","28.8%","8.0%","16.4%","8.6%","92.8%","25.0%","61,374","92.8%","19.5%","48,345","95.7%","25.1%","98,166","93.2%","25.2%","34,342","87.7%","33.9%","","16.8%","12.4%","5.1%","2.7%","","52,249","36,313","42,439","50,920","66,732","85,942","","(X)"
"    Female","","","","","","","","","","","","","","","","","","","","","","","","","","","","","","","","","","","","","","","","",""
"        Estimate","36,320","15.4%","38.2%","38.0%","8.4%","222,922","3.1%","4.0%","25.5%","27.7%","8.4%","20.6%","10.7%","92.9%","31.3%","52,400","93.9%","29.8%","44,738","94.8%","36.4%","90,227","94.9%","31.3%","35,557","83.9%","27.0%","","24.5%","16.6%","7.8%","3.2%","","37,010","19,528","28,497","33,748","47,253","63,079","","(X)"
"Arizona","","","","","","","","","","","","","","","","","","","","","","","","","","","","","","","","","","","","","","","","",""
"    Total","","","","","","","","","","","","","","","","","","","","","","","","","","","","","","","","","","","","","","","","",""
"        Estimate","673,187","17.0%","31.7%","44.4%","6.9%","4,436,226","6.4%","7.5%","24.3%","25.7%","8.5%","17.3%","10.3%","86.1%","27.6%","895,519","87.0%","26.0%","839,439","84.2%","29.5%","1,630,511","86.7%","27.6%","1,070,757","85.7%","27.3%","","32.3%","17.3%","11.5%","5.7%","","33,957","19,554","27,120","32,971","46,407","60,458","","9.7%"
"    Male","","","","","","","","","","","","","","","","","","","","","","","","","","","","","","","","","","","","","","","","",""
"        Estimate","346,394","18.7%","34.2%","41.9%","5.2%","2,168,954","6.5%","7.9%","24.7%","25.1%","7.7%","17.3%","10.7%","85.5%","28.0%","462,358","85.2%","22.4%","422,727","82.8%","26.9%","791,421","85.9%","28.1%","492,448","87.6%","34.1%","","29.0%","16.1%","9.7%","5.1%","","38,707","21,642","30,838","39,029","56,823","79,239","","(X)"
"    Female","","","","","","","","","","","","","","","","","","","","","","","","","","","","","","","","","","","","","","","","",""
"        Estimate","326,793","15.3%","29.0%","47.1%","8.6%","2,267,272","6.4%","7.1%","24.0%","26.2%","9.3%","17.2%","9.9%","86.5%","27.1%","433,161","88.9%","29.9%","416,712","85.6%","32.2%","839,090","87.4%","27.1%","578,309","84.2%","21.4%","","35.4%","18.5%","13.1%","6.3%","","30,409","15,289","22,813","30,022","39,144","50,041","","(X)"
"Arkansas","","","","","","","","","","","","","","","","","","","","","","","","","","","","","","","","","","","","","","","","",""
"    Total","","","","","","","","","","","","","","","","","","","","","","","","","","","","","","","","","","","","","","","","",""
"        Estimate","291,815","14.2%","32.7%","45.6%","7.4%","1,968,414","5.6%","9.0%","34.9%","22.8%","6.3%","13.8%","7.5%","85.3%","21.4%","378,309","89.1%","24.1%","374,567","86.8%","23.8%","750,526","87.3%","21.1%","465,012","78.0%","17.7%","","29.5%","16.5%","12.3%","4.6%","","30,727","20,961","25,749","29,634","43,020","55,818","","5.8%"
"    Male","","","","","","","","","","","","","","","","","","","","","","","","","","","","","","","","","","","","","","","","",""
"        Estimate","149,117","16.3%","36.0%","42.2%","5.4%","946,419","6.2%","9.3%","36.5%","21.7%","5.3%","13.6%","7.3%","84.5%","20.9%","189,136","87.2%","21.1%","184,131","84.8%","21.7%","366,679","86.1%","19.6%","206,473","78.8%","22.5%","","25.2%","13.5%","8.2%","4.3%","","35,986","23,176","30,959","37,120","51,112","71,117","","(X)"
"    Female","","","","","","","","","","","","","","","","","","","","","","","","","","","","","","","","","","","","","","","","",""
"        Estimate","142,698","12.1%","29.2%","49.2%","9.5%","1,021,995","5.1%","8.8%","33.4%","23.7%","7.2%","14.0%","7.8%","86.1%","21.8%","189,173","91.0%","27.1%","190,436","88.8%","25.8%","383,847","88.3%","22.6%","258,539","77.3%","13.8%","","33.8%","19.6%","15.6%","4.9%","","25,465","15,918","20,600","23,555","37,963","48,310","","(X)"
"California","","","","","","","","","","","","","","","","","","","","","","","","","","","","","","","","","","","","","","","","",""
"    Total","","","","","","","","","","","","","","","","","","","","","","","","","","","","","","","","","","","","","","","","",""
"        Estimate","3,996,629","13.0%","28.8%","48.8%","9.5%","25,654,292","10.0%","7.9%","20.9%","21.7%","7.8%","20.0%","11.8%","82.1%","31.7%","5,722,924","86.4%","33.2%","5,184,418","81.3%","33.7%","9,756,858","81.6%","30.9%","4,990,092","78.9%","29.5%","","26.5%","16.2%","11.0%","5.5%","","36,900","19,839","27,664","36,015","55,900","77,653","","8.7%"
"    Male","","","","","","","","","","","","","","","","","","","","","","","","","","","","","","","","","","","","","","","","",""
"        Estimate","2,064,122","14.8%","31.9%","45.2%","8.0%","12,529,368","9.7%","8.6%","21.5%","21.3%","7.0%","19.6%","12.4%","81.8%","32.0%","2,936,105","84.7%","29.8%","2,597,372","80.0%","31.8%","4,792,503","81.2%","31.6%","2,203,388","81.0%","35.9%","","23.3%","14.2%","9.4%","5.1%","","41,796","22,754","31,818","42,235","66,449","95,668","","(X)"
"    Female","","","","","","","","","","","","","","","","","","","","","","","","","","","","","","","","","","","","","","","","",""
"        Estimate","1,932,507","10.9%","25.4%","52.6%","11.1%","13,124,924","10.2%","7.4%","20.3%","22.1%","8.6%","20.3%","11.2%","82.4%","31.5%","2,786,819","88.3%","36.7%","2,587,046","82.6%","35.7%","4,964,355","81.9%","30.3%","2,786,704","77.3%","24.4%","","29.6%","18.2%","12.5%","5.8%","","31,489","15,017","22,447","30,539","48,016","65,239","","(X)"
"Colorado","","","","","","","","","","","","","","","","","","","","","","","","","","","","","","","","","","","","","","","","",""
"    Total","","","","","","","","","","","","","","","","","","","","","","","","","","","","","","","","","","","","","","","","",""
"        Estimate","524,258","12.7%","27.8%","48.3%","11.2%","3,584,463","4.1%","5.3%","21.9%","22.1%","8.2%","24.1%","14.3%","90.5%","38.3%","798,685","90.1%","37.7%","724,786","90.3%","42.9%","1,381,420","91.8%","38.5%","679,572","88.8%","34.0%","","24.2%","11.5%","9.2%","4.4%","","39,341","23,004","30,568","35,329","48,818","64,861","","8.1%"
"    Male","","","","","","","","","","","","","","","","","","","","","","","","","","","","","","","","","","","","","","","","",""
"        Estimate","274,715","14.3%","30.0%","47.0%","8.7%","1,776,214","4.6%","5.7%","22.1%","22.1%","7.8%","23.7%","14.0%","89.7%","37.6%","412,518","88.4%","32.4%","371,975","89.3%","39.8%","682,737","90.6%","37.8%","308,984","90.0%","41.7%","","19.6%","10.4%","8.0%","4.0%","","45,439","26,653","34,983","41,333","60,936","81,304","","(X)"
"    Female","","","","","","","","","","","","","","","","","","","","","","","","","","","","","","","","","","","","","","","","",""
"        Estimate","249,543","11.0%","25.4%","49.7%","14.0%","1,808,249","3.7%","5.0%","21.6%","22.1%","8.6%","24.4%","14.6%","91.4%","39.0%","386,167","92.0%","43.3%","352,811","91.3%","46.2%","698,683","92.9%","39.1%","370,588","87.9%","27.5%","","29.3%","12.5%","10.2%","4.7%","","32,516","16,282","24,711","30,074","40,656","52,151","","(X)"
"Connecticut","","","","","","","","","","","","","","","","","","","","","","","","","","","","","","","","","","","","","","","","",""
"    Total","","","","","","","","","","","","","","","","","","","","","","","","","","","","","","","","","","","","","","","","",""
"        Estimate","349,983","11.8%","29.9%","44.3%","14.1%","2,471,818","4.2%","5.8%","27.5%","17.1%","7.5%","21.3%","16.7%","90.1%","38.0%","438,421","91.7%","40.9%","441,421","90.9%","43.5%","1,036,448","92.1%","38.6%","555,528","84.3%","30.4%","","25.1%","11.5%","8.0%","3.3%","","45,481","22,153","32,916","40,502","61,087","76,885","","6.4%"
"    Male","","","","","","","","","","","","","","","","","","","","","","","","","","","","","","","","","","","","","","","","",""
"        Estimate","180,556","13.8%","33.4%","40.6%","12.3%","1,177,865","4.2%","6.1%","28.8%","16.7%","6.2%","21.7%","16.3%","89.7%","37.9%","220,485","90.5%","35.3%","216,001","89.8%","40.9%","502,028","91.6%","38.1%","239,351","85.0%","37.5%","","19.4%","9.0%","6.1%","3.1%","","52,055","26,413","40,839","47,940","74,544","99,929","","(X)"
"    Female","","","","","","","","","","","","","","","","","","","","","","","","","","","","","","","","","","","","","","","","",""
"        Estimate","169,427","9.6%","26.2%","48.2%","16.0%","1,293,953","4.1%","5.5%","26.3%","17.4%","8.6%","21.1%","17.1%","90.4%","38.1%","217,936","92.9%","46.6%","225,420","92.0%","45.9%","534,420","92.6%","39.0%","316,177","83.8%","25.1%","","30.7%","13.9%","9.5%","3.5%","","38,473","17,988","26,644","34,056","49,762","65,541","","(X)"
"Delaware","","","","","","","","","","","","","","","","","","","","","","","","","","","","","","","","","","","","","","","","",""
"    Total","","","","","","","","","","","","","","","","","","","","","","","","","","","","","","","","","","","","","","","","",""
"        Estimate","91,429","15.3%","31.0%","45.2%","8.5%","640,343","3.4%","7.7%","31.2%","19.2%","7.9%","18.3%","12.3%","89.0%","30.6%","121,964","88.2%","33.5%","111,621","90.5%","35.5%","252,999","90.4%","30.0%","153,759","86.2%","25.7%","","24.7%","11.4%","8.7%","3.9%","","39,259","24,636","31,910","35,851","51,577","62,490","","8.4%"
"    Male","","","","","","","","","","","","","","","","","","","","","","","","","","","","","","","","","","","","","","","","",""
"        Estimate","46,915","18.2%","36.0%","39.3%","6.5%","302,774","3.8%","8.7%","31.9%","19.0%","7.0%","17.7%","12.1%","87.6%","29.7%","60,003","86.6%","28.4%","54,394","88.6%","32.1%","119,827","89.0%","28.5%","68,550","85.1%","31.2%","","19.3%","8.5%","6.7%","3.5%","","45,521","29,092","37,008","41,501","62,873","74,040","","(X)"
"    Female","","","","","","","","","","","","","","","","","","","","","","","","","","","","","","","","","","","","","","","","",""
"        Estimate","44,514","12.2%","25.9%","51.4%","10.6%","337,569","3.0%","6.8%","30.6%","19.5%","8.8%","18.8%","12.6%","90.2%","31.4%","61,961","89.6%","38.4%","57,227","92.3%","38.7%","133,172","91.6%","31.4%","85,209","87.0%","21.3%","","30.4%","14.1%","10.2%","4.1%","","35,182","18,253","26,418","31,699","46,103","52,506","","(X)"
"District of Columbia","","","","","","","","","","","","","","","","","","","","","","","","","","","","","","","","","","","","","","","","",""
"    Total","","","","","","","","","","","","","","","","","","","","","","","","","","","","","","","","","","","","","","","","",""
"        Estimate","80,652","11.7%","25.9%","38.6%","23.7%","463,211","4.1%","5.7%","18.2%","13.6%","3.4%","24.3%","30.6%","90.2%","55.0%","150,211","93.4%","69.4%","92,877","92.9%","62.3%","145,658","88.5%","43.5%","74,465","83.5%","39.2%","","33.7%","23.9%","18.0%","5.8%","","55,123","23,181","28,125","38,724","62,475","88,605","","8.5%"
"    Male","","","","","","","","","","","","","","","","","","","","","","","","","","","","","","","","","","","","","","","","",""
"        Estimate","37,340","15.6%","31.5%","32.8%","20.1%","217,026","4.5%","6.1%","19.0%","12.5%","3.1%","25.0%","29.9%","89.4%","54.9%","70,045","91.8%","63.7%","46,046","92.0%","62.8%","70,787","88.8%","45.8%","30,148","81.6%","43.4%","","25.9%","19.9%","16.2%","4.6%","","59,306","23,510","29,858","40,327","70,975","99,987","","(X)"
"    Female","","","","","","","","","","","","","","","","","","","","","","","","","","","","","","","","","","","","","","","","",""
"        Estimate","43,312","8.4%","21.1%","43.6%","26.9%","246,185","3.8%","5.3%","17.5%","14.5%","3.7%","23.8%","31.3%","90.8%","55.1%","80,166","94.8%","74.3%","46,831","93.8%","61.8%","74,871","88.3%","41.4%","44,317","84.8%","36.4%","","41.5%","27.6%","19.3%","6.7%","","51,579","22,385","27,194","36,841","55,980","79,084","","(X)"
"Florida","","","","","","","","","","","","","","","","","","","","","","","","","","","","","","","","","","","","","","","","",""
"    Total","","","","","","","","","","","","","","","","","","","","","","","","","","","","","","","","","","","","","","","","",""
"        Estimate","1,798,078","16.5%","30.2%","45.1%","8.2%","14,041,196","5.2%","7.6%","29.6%","20.7%","9.7%","17.4%","9.8%","87.2%","27.3%","2,512,629","89.0%","27.8%","2,432,609","88.5%","29.3%","5,305,004","88.6%","27.3%","3,790,954","83.3%","25.6%","","28.3%","16.4%","11.2%","6.1%","","31,171","18,716","25,206","30,779","43,378","56,526","","8.9%"
"    Male","","","","","","","","","","","","","","","","","","","","","","","","","","","","","","","","","","","","","","","","",""
"        Estimate","923,680","19.3%","33.0%","41.6%","6.1%","6,726,869","5.4%","8.2%","29.8%","20.1%","8.5%","17.7%","10.3%","86.4%","28.0%","1,267,818","86.6%","24.2%","1,203,413","86.4%","26.9%","2,552,920","87.6%","27.6%","1,702,718","84.5%","32.3%","","25.4%","14.4%","9.2%","5.6%","","35,473","21,115","28,407","35,799","51,560","72,073","","(X)"
"    Female","","","","","","","","","","","","","","","","","","","","","","","","","","","","","","","","","","","","","","","","",""
"        Estimate","874,398","13.7%","27.2%","48.8%","10.4%","7,314,327","5.1%","7.0%","29.4%","21.3%","10.7%","17.2%","9.4%","88.0%","26.6%","1,244,811","91.4%","31.5%","1,229,196","90.6%","31.6%","2,752,084","89.6%","27.1%","2,088,236","82.2%","20.2%","","31.2%","18.2%","12.8%","6.6%","","27,330","15,358","21,170","26,904","38,512","47,115","","(X)"
"Georgia","","","","","","","","","","","","","","","","","","","","","","","","","","","","","","","","","","","","","","","","",""
"    Total","","","","","","","","","","","","","","","","","","","","","","","","","","","","","","","","","","","","","","","","",""
"        Estimate","1,029,514","16.9%","32.0%","42.9%","8.2%","6,576,408","5.4%","9.0%","28.4%","21.1%","7.0%","18.2%","10.8%","85.6%","29.1%","1,375,152","86.6%","29.9%","1,384,956","86.8%","32.3%","2,567,430","87.6%","29.7%","1,248,870","79.3%","23.2%","","31.5%","17.4%","12.1%","4.6%","","33,708","20,061","26,197","31,393","48,679","61,176","","6.9%"
"    Male","","","","","","","","","","","","","","","","","","","","","","","","","","","","","","","","","","","","","","","","",""
"        Estimate","529,724","19.2%","34.4%","40.3%","6.2%","3,120,522","5.8%","10.0%","29.6%","20.0%","6.0%","18.4%","10.3%","84.2%","28.6%","673,289","84.5%","25.6%","672,966","84.3%","29.4%","1,235,334","85.7%","29.6%","538,933","80.5%","29.2%","","26.8%","14.4%","8.7%","4.1%","","39,438","22,079","30,833","38,464","60,622","80,181","","(X)"
"    Female","","","","","","","","","","","","","","","","","","","","","","","","","","","","","","","","","","","","","","","","",""
"        Estimate","499,790","14.4%","29.6%","45.8%","10.3%","3,455,886","5.0%","8.1%","27.4%","22.1%","8.0%","18.1%","11.3%","86.9%","29.4%","701,863","88.7%","34.0%","711,990","89.2%","35.0%","1,332,096","89.4%","29.8%","709,937","78.3%","18.7%","","36.5%","20.2%","14.7%","5.1%","","29,485","15,140","21,178","26,429","40,749","52,086","","(X)"
"Hawaii","","","","","","","","","","","","","","","","","","","","","","","","","","","","","","","","","","","","","","","","",""
"    Total","","","","","","","","","","","","","","","","","","","","","","","","","","","","","","","","","","","","","","","","",""
"        Estimate","136,621","8.5%","39.4%","44.6%","7.5%","974,586","4.0%","4.3%","28.5%","21.7%","10.5%","20.6%","10.5%","91.7%","31.0%","210,810","94.2%","29.2%","176,248","95.8%","35.4%","359,467","93.0%","32.0%","228,061","84.2%","27.8%","","21.6%","12.8%","8.3%","5.3%","","37,399","23,579","30,509","36,132","49,725","62,707","","7.9%"
"    Male","","","","","","","","","","","","","","","","","","","","","","","","","","","","","","","","","","","","","","","","",""
"        Estimate","76,338","8.3%","45.5%","40.6%","5.6%","482,832","3.3%","4.2%","29.5%","22.6%","10.4%","19.6%","10.4%","92.5%","30.0%","111,839","94.3%","25.3%","91,615","95.6%","32.8%","177,817","93.0%","29.8%","101,561","86.8%","33.1%","","20.4%","11.3%","6.9%","4.7%","","41,742","25,514","33,182","41,022","55,980","77,114","","(X)"
"    Female","","","","","","","","","","","","","","","","","","","","","","","","","","","","","","","","","","","","","","","","",""
"        Estimate","60,283","8.8%","31.7%","49.6%","9.9%","491,754","4.8%","4.3%","27.5%","20.8%","10.6%","21.5%","10.5%","90.9%","32.0%","98,971","94.0%","33.7%","84,633","95.9%","38.2%","181,650","93.1%","34.1%","126,500","82.1%","23.6%","","22.6%","14.4%","9.7%","5.8%","","32,301","22,155","26,388","30,923","42,659","52,559","","(X)"
"Idaho","","","","","","","","","","","","","","","","","","","","","","","","","","","","","","","","","","","","","","","","",""
"    Total","","","","","","","","","","","","","","","","","","","","","","","","","","","","","","","","","","","","","","","","",""
"        Estimate","158,006","14.1%","34.9%","45.5%","5.5%","1,045,193","3.9%","6.0%","28.2%","27.6%","9.3%","16.8%","8.3%","90.1%","25.0%","211,307","90.9%","23.5%","202,500","89.3%","29.0%","396,407","90.9%","24.9%","234,979","88.8%","23.1%","","22.0%","14.8%","9.6%","4.9%","","30,478","22,514","24,752","28,029","41,423","56,784","","10.1%"
"    Male","","","","","","","","","","","","","","","","","","","","","","","","","","","","","","","","","","","","","","","","",""
"        Estimate","82,397","15.0%","39.2%","42.5%","3.3%","513,029","4.2%","6.4%","28.6%","26.2%","8.6%","16.4%","9.7%","89.4%","26.1%","105,597","90.2%","21.7%","101,571","87.6%","27.9%","195,427","90.5%","25.9%","110,434","88.5%","29.1%","","19.9%","11.6%","8.4%","4.7%","","36,981","27,450","31,192","36,384","53,086","71,894","","(X)"
"    Female","","","","","","","","","","","","","","","","","","","","","","","","","","","","","","","","","","","","","","","","",""
"        Estimate","75,609","13.2%","30.3%","48.8%","7.8%","532,164","3.6%","5.6%","27.8%","29.0%","10.0%","17.1%","6.9%","90.8%","24.0%","105,710","91.6%","25.2%","100,929","90.9%","30.1%","200,980","91.4%","24.1%","124,545","89.1%","17.9%","","24.3%","17.9%","10.7%","5.2%","","23,001","15,502","18,192","21,903","33,157","45,821","","(X)"
"Illinois","","","","","","","","","","","","","","","","","","","","","","","","","","","","","","","","","","","","","","","","",""
"    Total","","","","","","","","","","","","","","","","","","","","","","","","","","","","","","","","","","","","","","","","",""
"        Estimate","1,256,770","12.8%","28.1%","46.2%","12.9%","8,639,076","5.2%","6.6%","26.7%","20.9%","7.8%","20.1%","12.7%","88.2%","32.8%","1,777,446","91.0%","40.2%","1,681,898","89.1%","37.2%","3,391,878","89.4%","31.3%","1,787,854","82.2%","24.2%","","25.0%","14.3%","10.3%","4.5%","","38,097","21,533","28,847","34,676","51,638","67,863","","6.6%"
"    Male","","","","","","","","","","","","","","","","","","","","","","","","","","","","","","","","","","","","","","","","",""
"        Estimate","639,276","14.4%","30.7%","43.4%","11.5%","4,159,617","5.4%","6.9%","27.2%","20.9%","7.1%","20.0%","12.5%","87.7%","32.5%","893,537","90.0%","36.1%","837,809","87.9%","34.4%","1,658,961","88.5%","31.0%","769,310","83.1%","29.4%","","20.7%","12.0%","7.6%","4.4%","","45,485","26,137","35,105","42,120","62,848","85,444","","(X)"
"    Female","","","","","","","","","","","","","","","","","","","","","","","","","","","","","","","","","","","","","","","","",""
"        Estimate","617,494","11.1%","25.5%","49.2%","14.3%","4,479,459","5.1%","6.3%","26.2%","21.0%","8.3%","20.2%","12.9%","88.6%","33.1%","883,909","92.0%","44.4%","844,089","90.4%","40.0%","1,732,917","90.2%","31.6%","1,018,544","81.5%","20.2%","","29.1%","16.6%","12.6%","4.5%","","31,447","16,495","22,196","28,030","42,337","57,390","","(X)"
"Indiana","","","","","","","","","","","","","","","","","","","","","","","","","","","","","","","","","","","","","","","","",""
"    Total","","","","","","","","","","","","","","","","","","","","","","","","","","","","","","","","","","","","","","","","",""
"        Estimate","670,265","17.0%","31.3%","42.7%","9.0%","4,342,916","3.9%","7.7%","34.3%","21.1%","8.5%","15.7%","8.9%","88.4%","24.7%","843,079","89.4%","29.0%","832,070","89.4%","28.4%","1,726,273","90.0%","23.9%","941,494","83.8%","18.9%","","26.1%","12.5%","10.4%","4.2%","","33,475","21,065","29,174","31,976","44,424","57,085","","5.6%"
"    Male","","","","","","","","","","","","","","","","","","","","","","","","","","","","","","","","","","","","","","","","",""
"        Estimate","341,262","19.1%","34.7%","38.7%","7.5%","2,092,483","4.1%","8.0%","35.5%","20.9%","7.3%","15.5%","8.7%","87.9%","24.2%","419,158","88.3%","25.7%","416,383","88.2%","25.6%","847,733","89.0%","23.2%","409,209","84.8%","23.6%","","22.7%","10.6%","7.7%","3.7%","","40,972","24,977","35,780","40,775","55,306","68,125","","(X)"
"    Female","","","","","","","","","","","","","","","","","","","","","","","","","","","","","","","","","","","","","","","","",""
"        Estimate","329,003","14.8%","27.7%","46.9%","10.6%","2,250,433","3.6%","7.4%","33.2%","21.2%","9.5%","15.9%","9.1%","89.0%","25.0%","423,921","90.4%","32.2%","415,687","90.7%","31.2%","878,540","91.0%","24.6%","532,285","83.1%","15.2%","","29.4%","14.4%","12.7%","4.7%","","27,327","15,571","21,645","26,647","36,787","50,229","","(X)"
"Iowa","","","","","","","","","","","","","","","","","","","","","","","","","","","","","","","","","","","","","","","","",""
"    Total","","","","","","","","","","","","","","","","","","","","","","","","","","","","","","","","","","","","","","","","",""
"        Estimate","318,801","10.7%","27.9%","51.6%","9.8%","2,062,734","3.1%","4.8%","31.7%","21.4%","11.3%","18.6%","9.0%","92.1%","27.7%","390,194","93.1%","35.4%","365,753","93.3%","33.8%","816,159","93.6%","25.8%","490,628","88.0%","20.1%","","20.6%","11.2%","8.6%","4.0%","","36,247","25,178","29,741","34,242","46,851","60,464","","6.3%"
"    Male","","","","","","","","","","","","","","","","","","","","","","","","","","","","","","","","","","","","","","","","",""
"        Estimate","163,142","11.2%","31.6%","49.0%","8.2%","1,007,461","3.5%","5.5%","33.2%","20.9%","10.2%","17.6%","9.2%","91.0%","26.8%","198,228","91.5%","30.4%","185,620","92.2%","29.1%","408,877","92.5%","25.2%","214,736","86.7%","24.4%","","19.4%","9.3%","6.5%","3.3%","","42,604","30,089","36,675","42,257","57,726","70,319","","(X)"
"    Female","","","","","","","","","","","","","","","","","","","","","","","","","","","","","","","","","","","","","","","","",""
"        Estimate","155,659","10.2%","23.9%","54.5%","11.5%","1,055,273","2.6%","4.2%","30.4%","21.9%","12.4%","19.6%","8.9%","93.2%","28.5%","191,966","94.8%","40.6%","180,133","94.4%","38.6%","407,282","94.8%","26.3%","275,892","88.9%","16.7%","","22.0%","13.3%","10.4%","4.7%","","29,536","18,002","21,730","27,208","39,827","53,640","","(X)"
"Kansas","","","","","","","","","","","","","","","","","","","","","","","","","","","","","","","","","","","","","","","","",""
"    Total","","","","","","","","","","","","","","","","","","","","","","","","","","","","","","","","","","","","","","","","",""
"        Estimate","300,013","12.7%","27.2%","49.8%","10.3%","1,881,521","3.9%","5.8%","26.5%","24.1%","8.1%","20.3%","11.3%","90.3%","31.5%","387,054","90.6%","33.7%","349,971","89.7%","36.4%","726,963","91.9%","31.2%","417,533","87.6%","26.0%","","24.0%","12.9%","9.8%","4.0%","","35,743","23,067","28,063","32,063","46,785","54,289","","6.2%"
"    Male","","","","","","","","","","","","","","","","","","","","","","","","","","","","","","","","","","","","","","","","",""
"        Estimate","156,075","13.0%","30.1%","48.9%","8.1%","919,538","4.0%","6.2%","27.9%","23.7%","7.2%","20.0%","11.0%","89.8%","31.0%","197,899","89.8%","29.4%","178,103","88.2%","32.7%","359,892","91.0%","30.5%","183,644","89.1%","32.2%","","19.2%","12.1%","7.7%","3.3%","","42,017","27,659","33,778","40,589","60,404","70,643","","(X)"
"    Female","","","","","","","","","","","","","","","","","","","","","","","","","","","","","","","","","","","","","","","","",""
"        Estimate","143,938","12.5%","24.0%","50.8%","12.7%","961,983","3.8%","5.5%","25.2%","24.5%","9.1%","20.5%","11.5%","90.7%","32.0%","189,155","91.5%","38.3%","171,868","91.3%","40.3%","367,071","92.9%","31.8%","233,889","86.4%","21.1%","","29.0%","13.8%","11.6%","4.7%","","29,074","16,617","21,838","26,201","38,816","48,315","","(X)"
"Kentucky","","","","","","","","","","","","","","","","","","","","","","","","","","","","","","","","","","","","","","","","",""
"    Total","","","","","","","","","","","","","","","","","","","","","","","","","","","","","","","","","","","","","","","","",""
"        Estimate","430,973","13.3%","33.8%","44.6%","8.4%","2,967,181","6.6%","8.9%","33.8%","20.7%","7.7%","13.0%","9.2%","84.5%","22.2%","562,906","89.4%","27.1%","559,455","88.6%","25.9%","1,191,798","85.7%","21.0%","653,022","74.4%","17.1%","","33.8%","17.1%","12.3%","4.3%","","31,564","20,244","26,201","30,884","43,798","53,222","","7.2%"
"    Male","","","","","","","","","","","","","","","","","","","","","","","","","","","","","","","","","","","","","","","","",""
"        Estimate","220,858","14.9%","37.0%","41.6%","6.6%","1,430,418","7.0%","10.0%","35.8%","19.8%","6.0%","13.2%","8.2%","83.0%","21.5%","282,975","87.7%","22.8%","279,559","87.3%","22.9%","581,476","83.1%","20.4%","286,408","73.8%","21.0%","","31.8%","14.9%","8.8%","3.7%","","37,309","22,923","31,265","38,399","53,395","64,586","","(X)"
"    Female","","","","","","","","","","","","","","","","","","","","","","","","","","","","","","","","","","","","","","","","",""
"        Estimate","210,115","11.6%","30.4%","47.8%","10.2%","1,536,763","6.2%","8.0%","32.0%","21.6%","9.3%","12.9%","10.1%","85.8%","22.9%","279,931","91.1%","31.5%","279,896","90.0%","29.0%","610,322","88.1%","21.6%","366,614","74.9%","14.1%","","36.1%","19.4%","15.0%","4.9%","","26,829","15,003","20,291","25,974","36,674","48,641","","(X)"
"Louisiana","","","","","","","","","","","","","","","","","","","","","","","","","","","","","","","","","","","","","","","","",""
"    Total","","","","","","","","","","","","","","","","","","","","","","","","","","","","","","","","","","","","","","","","",""
"        Estimate","474,204","19.2%","32.0%","41.7%","7.2%","3,060,688","5.7%","10.7%","33.8%","21.5%","5.4%","15.2%","7.8%","83.6%","22.9%","660,444","86.1%","26.9%","578,342","86.3%","25.2%","1,190,732","84.2%","21.0%","631,170","77.4%","20.3%","","32.6%","17.8%","12.5%","4.7%","","33,355","21,053","27,446","31,702","46,903","56,644","","6.6%"
"    Male","","","","","","","","","","","","","","","","","","","","","","","","","","","","","","","","","","","","","","","","",""
"        Estimate","240,808","23.2%","33.6%","37.2%","6.0%","1,463,104","6.7%","11.5%","34.8%","20.6%","4.6%","14.3%","7.5%","81.8%","21.8%","327,006","83.4%","22.9%","286,688","84.0%","22.1%","575,484","81.6%","19.6%","273,926","78.1%","24.8%","","26.7%","13.6%","8.2%","4.5%","","42,480","27,017","39,746","42,302","60,765","76,780","","(X)"
"    Female","","","","","","","","","","","","","","","","","","","","","","","","","","","","","","","","","","","","","","","","",""
"        Estimate","233,396","15.0%","30.3%","46.3%","8.4%","1,597,584","4.8%","10.0%","32.8%","22.3%","6.2%","15.9%","8.0%","85.2%","24.0%","333,438","88.6%","30.7%","291,654","88.4%","28.3%","615,248","86.6%","22.4%","357,244","76.9%","16.9%","","39.0%","21.7%","15.8%","4.9%","","26,115","14,146","20,127","25,649","40,688","48,818","","(X)"
"Maine","","","","","","","","","","","","","","","","","","","","","","","","","","","","","","","","","","","","","","","","",""
"    Total","","","","","","","","","","","","","","","","","","","","","","","","","","","","","","","","","","","","","","","","",""
"        Estimate","112,710","11.9%","29.6%","47.6%","10.9%","959,407","3.1%","5.2%","32.3%","20.3%","9.7%","19.4%","10.0%","91.7%","29.4%","152,283","93.5%","32.1%","156,180","95.5%","31.8%","408,380","93.4%","29.2%","242,564","85.4%","26.4%","","27.5%","14.9%","10.4%","4.6%","","32,062","19,375","26,240","31,134","40,695","54,404","","4.1%"
"    Male","","","","","","","","","","","","","","","","","","","","","","","","","","","","","","","","","","","","","","","","",""
"        Estimate","56,947","13.4%","33.9%","44.0%","8.8%","460,206","3.4%","6.2%","33.5%","19.7%","9.2%","18.1%","10.0%","90.4%","28.1%","74,569","92.1%","28.6%","77,249","93.8%","26.6%","198,584","91.9%","27.0%","109,804","84.2%","30.7%","","23.4%","12.6%","8.2%","4.1%","","37,699","21,986","31,610","37,261","51,305","66,297","","(X)"
"    Female","","","","","","","","","","","","","","","","","","","","","","","","","","","","","","","","","","","","","","","","",""
"        Estimate","55,763","10.3%","25.3%","51.3%","13.1%","499,201","2.8%","4.3%","31.3%","20.8%","10.3%","20.6%","10.0%","92.9%","30.6%","77,714","94.9%","35.5%","78,931","97.1%","36.9%","209,796","94.7%","31.3%","132,760","86.4%","22.8%","","32.5%","17.1%","12.3%","5.0%","","27,498","11,858","21,428","26,192","35,255","48,462","","(X)"
"Maryland","","","","","","","","","","","","","","","","","","","","","","","","","","","","","","","","","","","","","","","","",""
"    Total","","","","","","","","","","","","","","","","","","","","","","","","","","","","","","","","","","","","","","","","",""
"        Estimate","562,419","12.2%","30.4%","44.7%","12.7%","4,062,813","4.1%","6.3%","25.7%","19.1%","6.5%","20.7%","17.5%","89.6%","38.2%","827,460","89.9%","41.6%","771,141","90.1%","42.5%","1,642,041","91.5%","37.7%","822,171","85.0%","31.9%","","21.3%","11.3%","7.4%","3.3%","","46,142","25,063","32,369","41,041","59,691","79,623","","8.3%"
"    Male","","","","","","","","","","","","","","","","","","","","","","","","","","","","","","","","","","","","","","","","",""
"        Estimate","285,848","14.6%","34.0%","41.5%","9.9%","1,919,767","4.6%","7.0%","26.4%","18.6%","5.3%","20.4%","17.7%","88.5%","38.1%","411,428","87.8%","37.9%","372,824","87.9%","39.7%","781,972","90.6%","37.2%","353,543","85.0%","38.6%","","17.1%","10.0%","6.2%","2.8%","","51,598","28,236","37,836","48,535","70,430","95,670","","(X)"
"    Female","","","","","","","","","","","","","","","","","","","","","","","","","","","","","","","","","","","","","","","","",""
"        Estimate","276,571","9.7%","26.7%","48.0%","15.7%","2,143,046","3.7%","5.7%","25.0%","19.6%","7.7%","21.0%","17.3%","90.6%","38.4%","416,032","92.0%","45.3%","398,317","92.2%","45.2%","860,069","92.3%","38.1%","468,628","84.9%","26.8%","","25.8%","12.5%","8.4%","3.7%","","40,729","17,396","27,511","36,008","50,469","67,177","","(X)"
"Massachusetts","","","","","","","","","","","","","","","","","","","","","","","","","","","","","","","","","","","","","","","","",""
"    Total","","","","","","","","","","","","","","","","","","","","","","","","","","","","","","","","","","","","","","","","",""
"        Estimate","700,372","10.2%","27.6%","44.9%","17.2%","4,654,351","5.0%","5.4%","24.9%","15.7%","7.9%","23.2%","18.0%","89.7%","41.2%","928,715","92.6%","50.1%","839,355","91.8%","46.8%","1,870,704","90.9%","40.3%","1,015,577","83.0%","30.0%","","26.6%","12.4%","9.1%","4.3%","","45,809","23,801","32,137","38,355","57,451","72,212","","7.2%"
"    Male","","","","","","","","","","","","","","","","","","","","","","","","","","","","","","","","","","","","","","","","",""
"        Estimate","350,261","12.0%","30.5%","42.2%","15.3%","2,209,530","4.9%","5.6%","26.3%","15.7%","6.5%","23.6%","17.4%","89.5%","41.0%","459,636","91.6%","45.6%","410,274","91.0%","44.3%","905,522","90.2%","39.6%","434,098","84.1%","36.0%","","22.7%","9.9%","7.6%","3.7%","","52,280","29,255","40,473","46,778","70,247","91,095","","(X)"
"    Female","","","","","","","","","","","","","","","","","","","","","","","","","","","","","","","","","","","","","","","","",""
"        Estimate","350,111","8.5%","24.7%","47.6%","19.2%","2,444,821","5.0%","5.1%","23.7%","15.7%","9.1%","22.8%","18.6%","89.9%","41.3%","469,079","93.5%","54.6%","429,081","92.6%","49.2%","965,182","91.6%","40.9%","581,479","82.2%","25.5%","","30.2%","14.8%","10.4%","4.7%","","38,685","19,147","25,448","32,387","48,664","62,294","","(X)"
"Michigan","","","","","","","","","","","","","","","","","","","","","","","","","","","","","","","","","","","","","","","","",""
"    Total","","","","","","","","","","","","","","","","","","","","","","","","","","","","","","","","","","","","","","","","",""
"        Estimate","1,005,716","13.1%","28.6%","48.6%","9.7%","6,680,525","3.2%","6.9%","29.7%","23.6%","9.3%","16.5%","10.8%","89.9%","27.4%","1,196,312","91.3%","31.5%","1,189,934","91.2%","32.2%","2,763,212","91.5%","26.5%","1,531,067","84.6%","21.8%","","29.3%","15.0%","11.5%","4.6%","","34,548","18,457","26,372","31,332","48,731","65,473","","6.0%"
"    Male","","","","","","","","","","","","","","","","","","","","","","","","","","","","","","","","","","","","","","","","",""
"        Estimate","511,875","15.4%","30.9%","44.8%","8.9%","3,215,734","3.3%","7.6%","30.2%","23.7%","8.0%","16.4%","10.7%","89.1%","27.1%","601,221","89.9%","28.4%","588,760","90.2%","29.0%","1,351,950","90.3%","26.2%","673,803","84.9%","26.2%","","26.6%","13.5%","9.2%","4.2%","","41,780","22,430","32,037","40,680","61,353","80,586","","(X)"
"    Female","","","","","","","","","","","","","","","","","","","","","","","","","","","","","","","","","","","","","","","","",""
"        Estimate","493,841","10.7%","26.2%","52.6%","10.4%","3,464,791","3.2%","6.3%","29.1%","23.5%","10.4%","16.7%","10.9%","90.6%","27.6%","595,091","92.7%","34.6%","601,174","92.2%","35.3%","1,411,262","92.7%","26.9%","857,264","84.5%","18.4%","","32.0%","16.5%","13.4%","5.0%","","27,351","13,077","20,627","25,331","39,311","56,148","","(X)"
"Minnesota","","","","","","","","","","","","","","","","","","","","","","","","","","","","","","","","","","","","","","","","",""
"    Total","","","","","","","","","","","","","","","","","","","","","","","","","","","","","","","","","","","","","","","","",""
"        Estimate","501,482","12.0%","27.2%","47.9%","12.8%","3,672,583","3.0%","4.5%","25.7%","21.6%","11.0%","22.7%","11.6%","92.6%","34.3%","750,973","94.1%","39.6%","672,081","93.0%","39.8%","1,471,696","94.2%","33.2%","777,833","87.8%","26.2%","","25.6%","11.3%","8.4%","3.6%","","40,378","21,937","30,858","36,338","51,226","66,580","","5.6%"
"    Male","","","","","","","","","","","","","","","","","","","","","","","","","","","","","","","","","","","","","","","","",""
"        Estimate","254,744","13.8%","31.6%","44.0%","10.5%","1,801,059","2.8%","5.0%","27.2%","21.3%","10.3%","22.0%","11.3%","92.2%","33.4%","382,101","93.2%","34.8%","338,549","92.4%","35.8%","733,949","93.7%","32.5%","346,460","87.6%","31.1%","","21.9%","10.4%","6.8%","3.2%","","46,467","25,878","36,487","43,735","61,303","80,370","","(X)"
"    Female","","","","","","","","","","","","","","","","","","","","","","","","","","","","","","","","","","","","","","","","",""
"        Estimate","246,738","10.2%","22.6%","52.0%","15.2%","1,871,524","3.1%","4.0%","24.2%","21.9%","11.7%","23.4%","11.8%","92.9%","35.2%","368,872","94.9%","44.7%","333,532","93.6%","43.9%","737,747","94.6%","33.9%","431,373","87.9%","22.4%","","29.5%","12.3%","9.8%","4.0%","","33,225","16,995","24,041","30,596","42,415","60,967","","(X)"
"Mississippi","","","","","","","","","","","","","","","","","","","","","","","","","","","","","","","","","","","","","","","","",""
"    Total","","","","","","","","","","","","","","","","","","","","","","","","","","","","","","","","","","","","","","","","",""
"        Estimate","310,816","17.9%","29.1%","47.2%","5.7%","1,950,710","5.8%","11.4%","30.0%","23.1%","8.6%","13.0%","8.0%","82.8%","21.1%","383,751","86.2%","23.9%","385,978","86.9%","23.5%","753,668","83.7%","19.5%","427,313","74.5%","19.1%","","33.6%","18.7%","14.4%","5.3%","","30,933","20,301","26,236","29,733","41,004","50,912","","5.9%"
"    Male","","","","","","","","","","","","","","","","","","","","","","","","","","","","","","","","","","","","","","","","",""
"        Estimate","158,413","22.0%","32.0%","41.4%","4.6%","921,621","6.6%","12.5%","32.0%","22.8%","6.9%","12.1%","7.0%","80.8%","19.1%","188,746","82.8%","18.2%","189,025","84.9%","18.1%","361,055","80.8%","17.8%","182,795","74.6%","23.7%","","27.4%","15.0%","10.3%","4.4%","","36,465","22,703","31,613","37,059","51,444","63,078","","(X)"
"    Female","","","","","","","","","","","","","","","","","","","","","","","","","","","","","","","","","","","","","","","","",""
"        Estimate","152,403","13.7%","26.1%","53.3%","6.9%","1,029,089","5.1%","10.3%","28.3%","23.3%","10.1%","13.9%","8.9%","84.5%","22.8%","195,005","89.4%","29.5%","196,953","88.8%","28.7%","392,613","86.3%","21.0%","244,518","74.4%","15.7%","","40.0%","22.3%","17.6%","6.0%","","25,617","15,565","20,172","23,586","35,579","45,976","","(X)"
"Missouri","","","","","","","","","","","","","","","","","","","","","","","","","","","","","","","","","","","","","","","","",""
"    Total","","","","","","","","","","","","","","","","","","","","","","","","","","","","","","","","","","","","","","","","",""
"        Estimate","594,320","13.2%","29.2%","48.4%","9.2%","4,076,767","3.6%","7.6%","31.4%","22.5%","7.5%","17.1%","10.4%","88.9%","27.5%","794,702","90.8%","33.3%","734,449","90.9%","32.4%","1,615,726","90.1%","26.6%","931,890","83.5%","20.3%","","29.3%","13.8%","11.0%","4.3%","","33,275","20,342","27,080","31,398","44,221","55,536","","6.3%"
"    Male","","","","","","","","","","","","","","","","","","","","","","","","","","","","","","","","","","","","","","","","",""
"        Estimate","300,189","15.3%","32.4%","44.3%","8.0%","1,959,036","3.6%","8.1%","32.9%","22.1%","6.6%","16.6%","10.1%","88.3%","26.7%","396,158","89.8%","28.9%","367,125","89.8%","28.5%","787,603","89.0%","25.4%","408,150","84.3%","25.6%","","25.6%","11.7%","8.7%","4.0%","","40,177","22,690","31,903","38,684","55,392","71,766","","(X)"
"    Female","","","","","","","","","","","","","","","","","","","","","","","","","","","","","","","","","","","","","","","","",""
"        Estimate","294,131","11.1%","26.0%","52.6%","10.3%","2,117,731","3.5%","7.1%","30.0%","22.9%","8.3%","17.5%","10.6%","89.4%","28.2%","398,544","91.8%","37.6%","367,324","92.1%","36.2%","828,123","91.1%","27.7%","523,740","82.9%","16.2%","","33.0%","15.9%","12.8%","4.6%","","28,682","16,734","21,322","26,428","37,186","48,565","","(X)"
"Montana","","","","","","","","","","","","","","","","","","","","","","","","","","","","","","","","","","","","","","","","",""
"    Total","","","","","","","","","","","","","","","","","","","","","","","","","","","","","","","","","","","","","","","","",""
"        Estimate","103,107","13.3%","34.9%","45.1%","6.7%","695,850","2.2%","5.2%","30.6%","24.5%","8.2%","19.5%","9.8%","92.6%","29.3%","128,275","92.4%","30.9%","115,039","94.3%","32.7%","282,383","94.0%","29.1%","170,153","89.3%","26.1%","","24.1%","14.9%","12.0%","5.5%","","30,731","20,119","25,751","28,274","37,487","50,584","","6.0%"
"    Male","","","","","","","","","","","","","","","","","","","","","","","","","","","","","","","","","","","","","","","","",""
"        Estimate","52,621","16.7%","37.1%","41.7%","4.5%","345,528","2.4%","5.2%","32.1%","24.5%","7.2%","18.9%","9.8%","92.5%","28.7%","65,989","91.2%","27.4%","58,944","93.3%","27.1%","139,871","94.2%","28.3%","80,724","90.0%","31.6%","","20.6%","13.6%","9.9%","4.7%","","37,334","24,256","31,807","36,526","46,526","60,034","","(X)"
"    Female","","","","","","","","","","","","","","","","","","","","","","","","","","","","","","","","","","","","","","","","",""
"        Estimate","50,486","9.8%","32.6%","48.6%","9.1%","350,322","2.0%","5.3%","29.2%","24.5%","9.2%","20.0%","9.9%","92.8%","29.9%","62,286","93.7%","34.7%","56,095","95.3%","38.5%","142,512","93.9%","29.9%","89,429","88.7%","21.0%","","27.6%","16.4%","13.9%","6.3%","","24,241","13,353","20,106","22,079","31,197","45,027","","(X)"
"Nebraska","","","","","","","","","","","","","","","","","","","","","","","","","","","","","","","","","","","","","","","","",""
"    Total","","","","","","","","","","","","","","","","","","","","","","","","","","","","","","","","","","","","","","","","",""
"        Estimate","188,925","10.6%","27.7%","50.8%","10.9%","1,224,701","4.3%","5.4%","27.2%","23.1%","10.4%","20.2%","9.3%","90.3%","29.5%","254,597","90.2%","36.6%","227,479","89.2%","33.9%","471,948","92.2%","28.7%","270,677","87.9%","20.7%","","24.6%","10.9%","8.8%","3.6%","","35,066","22,122","28,617","32,312","43,402","56,915","","6.1%"
"    Male","","","","","","","","","","","","","","","","","","","","","","","","","","","","","","","","","","","","","","","","",""
"        Estimate","97,316","12.1%","32.2%","45.8%","9.9%","598,104","4.8%","5.9%","28.0%","22.1%","10.2%","20.0%","9.1%","89.4%","29.1%","128,615","89.3%","32.6%","116,047","88.5%","31.5%","234,082","91.0%","27.9%","119,360","87.2%","25.1%","","20.6%","7.9%","6.6%","3.3%","","41,185","24,540","35,060","41,305","53,189","70,410","","(X)"
"    Female","","","","","","","","","","","","","","","","","","","","","","","","","","","","","","","","","","","","","","","","",""
"        Estimate","91,609","9.1%","22.8%","56.1%","12.0%","626,597","4.0%","4.9%","26.5%","24.1%","10.5%","20.5%","9.5%","91.1%","30.0%","125,982","91.1%","40.6%","111,432","90.0%","36.4%","237,866","93.4%","29.5%","151,317","88.4%","17.2%","","29.1%","14.0%","10.7%","4.0%","","28,606","17,215","21,996","26,380","36,896","51,437","","(X)"
"Nevada","","","","","","","","","","","","","","","","","","","","","","","","","","","","","","","","","","","","","","","","",""
"    Total","","","","","","","","","","","","","","","","","","","","","","","","","","","","","","","","","","","","","","","","",""
"        Estimate","256,970","18.2%","36.2%","40.1%","5.4%","1,919,598","6.1%","8.8%","28.2%","25.8%","8.1%","15.2%","7.9%","85.1%","23.1%","405,679","85.5%","22.3%","383,515","83.8%","23.1%","729,890","85.5%","23.3%","400,514","85.2%","23.6%","","22.2%","14.2%","10.4%","6.3%","","32,363","23,029","29,608","34,121","45,505","58,182","","8.1%"
"    Male","","","","","","","","","","","","","","","","","","","","","","","","","","","","","","","","","","","","","","","","",""
"        Estimate","132,118","20.6%","38.9%","36.1%","4.4%","954,944","6.2%","8.9%","28.5%","25.6%","7.4%","15.1%","8.3%","84.9%","23.4%","207,096","84.1%","19.8%","195,105","82.3%","21.1%","363,662","85.6%","23.8%","189,081","87.3%","28.9%","","19.2%","13.4%","8.9%","6.0%","","36,929","25,794","31,723","40,054","51,111","66,334","","(X)"
"    Female","","","","","","","","","","","","","","","","","","","","","","","","","","","","","","","","","","","","","","","","",""
"        Estimate","124,852","15.7%","33.4%","44.4%","6.5%","964,654","6.0%","8.6%","27.8%","25.9%","8.8%","15.3%","7.5%","85.3%","22.8%","198,583","86.9%","24.9%","188,410","85.5%","25.3%","366,228","85.5%","22.7%","211,433","83.4%","18.8%","","25.2%","15.0%","11.9%","6.6%","","30,185","19,427","25,606","30,204","39,996","51,667","","(X)"
"New Hampshire","","","","","","","","","","","","","","","","","","","","","","","","","","","","","","","","","","","","","","","","",""
"    Total","","","","","","","","","","","","","","","","","","","","","","","","","","","","","","","","","","","","","","","","",""
"        Estimate","128,223","11.4%","29.4%","47.1%","12.0%","931,304","2.6%","5.3%","28.6%","18.8%","9.8%","21.7%","13.3%","92.2%","35.0%","154,599","93.4%","37.0%","159,569","94.9%","40.3%","407,689","93.7%","34.5%","209,447","86.1%","30.4%","","18.7%","8.8%","7.0%","3.2%","","41,105","29,231","31,871","38,384","51,965","65,924","","4.5%"
"    Male","","","","","","","","","","","","","","","","","","","","","","","","","","","","","","","","","","","","","","","","",""
"        Estimate","65,787","14.9%","34.3%","41.7%","9.1%","452,770","2.6%","6.3%","30.3%","17.9%","8.6%","21.2%","13.0%","91.1%","34.2%","77,660","91.9%","30.6%","79,444","93.4%","36.7%","201,019","92.1%","33.6%","94,647","86.2%","36.2%","","17.7%","6.9%","5.5%","2.6%","","50,364","31,813","38,871","47,399","71,237","87,685","","(X)"
"    Female","","","","","","","","","","","","","","","","","","","","","","","","","","","","","","","","","","","","","","","","",""
"        Estimate","62,436","7.8%","24.2%","52.8%","15.1%","478,534","2.5%","4.3%","26.9%","19.6%","11.0%","22.1%","13.7%","93.2%","35.8%","76,939","94.8%","43.4%","80,125","96.5%","44.0%","206,670","95.3%","35.4%","114,800","86.1%","25.6%","","19.9%","10.7%","8.2%","3.8%","","33,639","21,804","26,351","31,589","40,226","52,396","","(X)"
"New Jersey","","","","","","","","","","","","","","","","","","","","","","","","","","","","","","","","","","","","","","","","",""
"    Total","","","","","","","","","","","","","","","","","","","","","","","","","","","","","","","","","","","","","","","","",""
"        Estimate","798,047","12.1%","28.0%","45.5%","14.4%","6,127,931","5.2%","5.8%","28.2%","17.1%","6.4%","23.1%","14.3%","89.1%","37.4%","1,147,338","91.8%","42.5%","1,177,266","90.4%","43.0%","2,491,202","90.9%","37.6%","1,312,125","81.9%","27.5%","","23.4%","11.6%","8.2%","3.7%","","45,239","21,808","31,921","40,086","60,575","81,156","","6.9%"
"    Male","","","","","","","","","","","","","","","","","","","","","","","","","","","","","","","","","","","","","","","","",""
"        Estimate","411,179","13.9%","30.3%","43.7%","12.1%","2,924,287","5.2%","6.1%","28.5%","16.9%","5.5%","23.1%","14.7%","88.7%","37.8%","578,848","90.2%","37.2%","583,397","89.4%","40.1%","1,204,557","90.2%","37.9%","557,485","83.3%","35.6%","","19.2%","9.6%","6.2%","3.2%","","52,151","25,461","39,364","47,578","73,342","100,984","","(X)"
"    Female","","","","","","","","","","","","","","","","","","","","","","","","","","","","","","","","","","","","","","","","",""
"        Estimate","386,868","10.3%","25.5%","47.4%","16.8%","3,203,644","5.1%","5.5%","28.0%","17.2%","7.2%","23.2%","13.9%","89.4%","37.0%","568,490","93.4%","47.8%","593,869","91.4%","45.8%","1,286,645","91.7%","37.3%","754,640","80.9%","21.5%","","27.3%","13.3%","9.8%","4.1%","","37,216","17,166","25,513","32,249","50,857","66,572","","(X)"
"New Mexico","","","","","","","","","","","","","","","","","","","","","","","","","","","","","","","","","","","","","","","","",""
"    Total","","","","","","","","","","","","","","","","","","","","","","","","","","","","","","","","","","","","","","","","",""
"        Estimate","211,672","18.3%","29.8%","47.0%","5.0%","1,373,822","6.6%","9.2%","26.4%","23.4%","8.0%","15.1%","11.4%","84.2%","26.4%","276,256","86.4%","21.9%","245,560","83.5%","24.5%","533,920","85.6%","28.2%","318,086","80.5%","28.8%","","35.8%","20.3%","15.4%","6.7%","","30,897","17,275","25,086","30,299","42,412","54,671","","6.2%"
"    Male","","","","","","","","","","","","","","","","","","","","","","","","","","","","","","","","","","","","","","","","",""
"        Estimate","111,093","21.4%","31.9%","42.9%","3.7%","667,051","7.0%","9.7%","28.5%","22.8%","7.0%","14.1%","10.9%","83.3%","25.0%","142,009","84.3%","18.4%","122,759","81.8%","20.0%","257,727","84.2%","27.1%","144,556","82.1%","32.0%","","31.7%","17.0%","13.1%","6.5%","","36,165","21,731","30,183","36,740","50,313","70,826","","(X)"
"    Female","","","","","","","","","","","","","","","","","","","","","","","","","","","","","","","","","","","","","","","","",""
"        Estimate","100,579","14.8%","27.4%","51.4%","6.5%","706,771","6.3%","8.7%","24.4%","24.0%","8.9%","16.0%","11.8%","85.0%","27.8%","134,247","88.5%","25.6%","122,801","85.3%","29.1%","276,193","86.8%","29.3%","173,530","79.2%","26.1%","","40.0%","23.9%","17.3%","6.9%","","25,532","12,169","20,284","23,842","38,100","50,723","","(X)"
"New York","","","","","","","","","","","","","","","","","","","","","","","","","","","","","","","","","","","","","","","","",""
"    Total","","","","","","","","","","","","","","","","","","","","","","","","","","","","","","","","","","","","","","","","",""
"        Estimate","1,981,342","12.8%","25.8%","46.3%","15.1%","13,539,612","6.7%","7.6%","26.6%","16.1%","8.6%","19.6%","14.9%","85.7%","34.5%","2,845,848","89.6%","43.4%","2,507,726","87.6%","39.1%","5,290,358","86.9%","32.3%","2,895,680","78.3%","25.7%","","29.6%","15.6%","11.3%","5.4%","","40,339","20,071","29,501","36,359","53,280","70,858","","9.0%"
"    Male","","","","","","","","","","","","","","","","","","","","","","","","","","","","","","","","","","","","","","","","",""
"        Estimate","999,259","14.7%","28.3%","44.8%","12.2%","6,418,724","6.5%","7.8%","27.3%","16.8%","7.7%","19.9%","13.9%","85.6%","33.8%","1,415,447","88.3%","38.8%","1,228,873","86.8%","36.2%","2,549,433","86.5%","31.6%","1,224,971","79.6%","30.4%","","24.9%","13.4%","9.2%","5.0%","","45,068","22,750","33,826","42,205","61,969","84,202","","(X)"
"    Female","","","","","","","","","","","","","","","","","","","","","","","","","","","","","","","","","","","","","","","","",""
"        Estimate","982,083","10.8%","23.2%","47.9%","18.1%","7,120,888","6.8%","7.4%","25.9%","15.5%","9.4%","19.3%","15.8%","85.8%","35.0%","1,430,401","90.9%","48.0%","1,278,853","88.3%","41.9%","2,740,925","87.2%","32.9%","1,670,709","77.3%","22.2%","","33.9%","17.7%","13.2%","5.8%","","35,411","16,013","23,937","31,239","47,349","61,997","","(X)"
"North Carolina","","","","","","","","","","","","","","","","","","","","","","","","","","","","","","","","","","","","","","","","",""
"    Total","","","","","","","","","","","","","","","","","","","","","","","","","","","","","","","","","","","","","","","","",""
"        Estimate","991,459","13.8%","30.9%","45.8%","9.5%","6,661,937","5.0%","8.5%","26.6%","21.9%","9.2%","18.6%","10.1%","86.4%","28.7%","1,279,666","87.8%","31.6%","1,320,250","87.5%","33.0%","2,600,872","88.3%","28.2%","1,461,149","81.0%","23.2%","","30.9%","16.2%","11.7%","4.5%","","31,932","18,463","26,101","30,684","44,021","58,579","","6.3%"
"    Male","","","","","","","","","","","","","","","","","","","","","","","","","","","","","","","","","","","","","","","","",""
"        Estimate","513,758","15.7%","34.6%","42.3%","7.4%","3,156,700","5.7%","9.6%","28.0%","21.1%","7.7%","17.8%","10.1%","84.7%","27.8%","629,814","85.4%","27.0%","645,120","85.2%","29.4%","1,247,517","86.0%","27.2%","634,249","80.8%","28.3%","","26.6%","13.3%","8.9%","3.6%","","36,785","20,974","30,377","36,970","54,546","76,481","","(X)"
"    Female","","","","","","","","","","","","","","","","","","","","","","","","","","","","","","","","","","","","","","","","",""
"        Estimate","477,701","11.7%","27.0%","49.6%","11.7%","3,505,237","4.4%","7.5%","25.3%","22.7%","10.6%","19.4%","10.1%","88.1%","29.5%","649,852","90.2%","36.2%","675,130","89.8%","36.4%","1,353,355","90.4%","29.1%","826,900","81.1%","19.3%","","35.9%","19.0%","13.9%","5.2%","","28,447","14,516","21,053","26,047","37,537","49,043","","(X)"
"North Dakota","","","","","","","","","","","","","","","","","","","","","","","","","","","","","","","","","","","","","","","","",""
"    Total","","","","","","","","","","","","","","","","","","","","","","","","","","","","","","","","","","","","","","","","",""
"        Estimate","93,106","10.9%","23.3%","52.9%","12.9%","478,850","3.3%","4.5%","27.9%","23.5%","13.5%","19.8%","7.6%","92.2%","27.4%","107,993","94.3%","32.5%","82,197","95.6%","34.2%","183,981","94.6%","25.5%","104,679","83.2%","20.3%","","21.9%","9.5%","7.8%","4.2%","","38,635","26,212","32,599","36,363","42,262","61,384","","7.3%"
"    Male","","","","","","","","","","","","","","","","","","","","","","","","","","","","","","","","","","","","","","","","",""
"        Estimate","50,415","9.6%","28.6%","50.8%","11.0%","241,418","3.3%","5.4%","29.4%","24.0%","12.9%","17.5%","7.6%","91.4%","25.2%","58,256","93.1%","25.3%","42,968","94.4%","30.5%","92,848","93.7%","22.6%","47,346","81.8%","25.1%","","16.9%","8.2%","6.3%","4.5%","","48,184","31,641","42,137","50,080","52,324","74,384","","(X)"
"    Female","","","","","","","","","","","","","","","","","","","","","","","","","","","","","","","","","","","","","","","","",""
"        Estimate","42,691","12.4%","17.1%","55.5%","15.1%","237,432","3.3%","3.6%","26.3%","22.9%","14.1%","22.2%","7.6%","93.1%","29.7%","49,737","95.7%","40.9%","39,229","96.8%","38.2%","91,133","95.5%","28.4%","57,333","84.4%","16.4%","","28.7%","10.9%","9.3%","4.0%","","30,534","16,764","22,426","27,889","38,081","51,864","","(X)"
"Ohio","","","","","","","","","","","","","","","","","","","","","","","","","","","","","","","","","","","","","","","","",""
"    Total","","","","","","","","","","","","","","","","","","","","","","","","","","","","","","","","","","","","","","","","",""
"        Estimate","1,101,063","13.7%","32.6%","44.1%","9.5%","7,857,460","3.0%","7.7%","33.9%","20.4%","8.4%","16.6%","10.1%","89.4%","26.6%","1,467,370","91.1%","32.3%","1,418,006","91.2%","31.0%","3,175,216","90.9%","25.9%","1,796,868","83.7%","19.7%","","29.8%","13.8%","11.6%","4.0%","","35,199","20,122","28,402","31,815","48,648","62,450","","5.3%"
"    Male","","","","","","","","","","","","","","","","","","","","","","","","","","","","","","","","","","","","","","","","",""
"        Estimate","558,336","15.3%","35.4%","41.5%","7.7%","3,766,832","3.2%","8.1%","34.8%","20.3%","6.9%","16.6%","10.1%","88.7%","26.7%","734,658","89.8%","29.0%","704,866","89.6%","27.9%","1,549,577","90.2%","26.1%","777,731","83.8%","24.8%","","26.8%","11.7%","8.5%","3.7%","","41,427","24,790","34,699","39,592","60,084","76,178","","(X)"
"    Female","","","","","","","","","","","","","","","","","","","","","","","","","","","","","","","","","","","","","","","","",""
"        Estimate","542,727","12.1%","29.7%","46.8%","11.3%","4,090,628","2.8%","7.3%","33.2%","20.5%","9.8%","16.5%","10.0%","90.0%","26.5%","732,712","92.4%","35.7%","713,140","92.8%","34.1%","1,625,639","91.5%","25.8%","1,019,137","83.7%","15.8%","","32.8%","15.8%","14.2%","4.3%","","29,396","14,572","21,823","26,861","40,313","55,514","","(X)"
"Oklahoma","","","","","","","","","","","","","","","","","","","","","","","","","","","","","","","","","","","","","","","","",""
"    Total","","","","","","","","","","","","","","","","","","","","","","","","","","","","","","","","","","","","","","","","",""
"        Estimate","395,873","16.6%","33.3%","43.0%","7.1%","2,529,885","4.2%","8.5%","31.7%","24.1%","7.3%","16.0%","8.1%","87.3%","24.2%","527,616","88.5%","25.9%","476,104","87.9%","26.2%","964,597","88.1%","23.9%","561,568","84.2%","21.3%","","28.4%","15.3%","11.1%","4.4%","","32,431","20,884","27,380","31,848","43,293","53,563","","7.2%"
"    Male","","","","","","","","","","","","","","","","","","","","","","","","","","","","","","","","","","","","","","","","",""
"        Estimate","202,996","18.1%","36.6%","39.7%","5.7%","1,227,246","4.5%","9.1%","32.7%","23.5%","6.4%","15.7%","8.1%","86.4%","23.8%","265,394","87.3%","23.5%","239,907","86.1%","22.6%","473,201","87.0%","23.3%","248,744","84.6%","26.1%","","24.0%","12.7%","8.2%","4.2%","","40,563","25,371","33,538","41,479","55,516","70,787","","(X)"
"    Female","","","","","","","","","","","","","","","","","","","","","","","","","","","","","","","","","","","","","","","","",""
"        Estimate","192,877","15.1%","29.8%","46.5%","8.6%","1,302,639","3.9%","8.0%","30.7%","24.6%","8.2%","16.4%","8.2%","88.1%","24.5%","262,222","89.6%","28.4%","236,197","89.7%","29.8%","491,396","89.2%","24.5%","312,824","83.8%","17.4%","","33.0%","17.9%","13.5%","4.5%","","26,945","14,280","21,460","25,844","36,358","46,114","","(X)"
"Oregon","","","","","","","","","","","","","","","","","","","","","","","","","","","","","","","","","","","","","","","","",""
"    Total","","","","","","","","","","","","","","","","","","","","","","","","","","","","","","","","","","","","","","","","",""
"        Estimate","364,567","13.6%","29.0%","49.8%","7.6%","2,746,957","4.2%","6.1%","24.3%","26.2%","8.4%","19.2%","11.6%","89.7%","30.8%","540,740","90.2%","32.0%","521,875","88.6%","35.3%","1,050,116","90.7%","29.5%","634,226","88.4%","28.3%","","26.5%","17.0%","12.8%","6.3%","","32,096","20,166","26,075","31,106","42,084","58,547","","6.1%"
"    Male","","","","","","","","","","","","","","","","","","","","","","","","","","","","","","","","","","","","","","","","",""
"        Estimate","186,496","15.7%","31.3%","47.1%","5.9%","1,338,503","4.3%","6.8%","24.7%","25.7%","8.1%","18.8%","11.6%","89.0%","30.4%","270,709","88.6%","27.6%","264,877","87.2%","32.0%","515,259","89.8%","29.5%","287,658","89.5%","33.4%","","23.3%","15.9%","11.6%","6.2%","","38,007","22,516","30,527","36,959","53,846","74,133","","(X)"
"    Female","","","","","","","","","","","","","","","","","","","","","","","","","","","","","","","","","","","","","","","","",""
"        Estimate","178,071","11.3%","26.7%","52.6%","9.5%","1,408,454","4.1%","5.5%","23.9%","26.6%","8.7%","19.6%","11.6%","90.4%","31.2%","270,031","91.7%","36.4%","256,998","90.2%","38.7%","534,857","91.6%","29.5%","346,568","87.6%","24.0%","","29.9%","18.0%","13.9%","6.5%","","27,167","14,532","21,598","25,981","33,215","49,306","","(X)"
"Pennsylvania","","","","","","","","","","","","","","","","","","","","","","","","","","","","","","","","","","","","","","","","",""
"    Total","","","","","","","","","","","","","","","","","","","","","","","","","","","","","","","","","","","","","","","","",""
"        Estimate","1,228,166","12.0%","32.3%","43.6%","12.1%","8,858,865","3.5%","7.1%","36.4%","16.2%","7.9%","17.5%","11.4%","89.4%","29.0%","1,635,951","91.1%","37.2%","1,518,192","91.8%","34.4%","3,570,623","91.4%","28.1%","2,134,099","83.2%","20.2%","","26.0%","12.4%","9.7%","3.9%","","37,024","21,183","30,098","35,141","50,017","65,271","","6.5%"
"    Male","","","","","","","","","","","","","","","","","","","","","","","","","","","","","","","","","","","","","","","","",""
"        Estimate","623,755","13.4%","35.6%","40.8%","10.2%","4,248,908","3.6%","7.6%","37.1%","16.0%","6.9%","17.5%","11.3%","88.9%","28.8%","824,114","89.7%","32.3%","758,272","90.3%","31.2%","1,748,516","90.4%","27.7%","918,006","84.0%","25.8%","","22.5%","10.8%","7.4%","3.5%","","43,588","26,036","36,370","41,979","60,385","81,156","","(X)"
"    Female","","","","","","","","","","","","","","","","","","","","","","","","","","","","","","","","","","","","","","","","",""
"        Estimate","604,411","10.6%","28.8%","46.5%","14.0%","4,609,957","3.4%","6.6%","35.7%","16.4%","8.8%","17.6%","11.6%","90.0%","29.2%","811,837","92.4%","42.2%","759,920","93.3%","37.6%","1,822,107","92.4%","28.6%","1,216,093","82.7%","16.1%","","29.5%","13.9%","11.7%","4.3%","","30,924","14,541","22,720","29,893","41,185","56,021","","(X)"
"Rhode Island","","","","","","","","","","","","","","","","","","","","","","","","","","","","","","","","","","","","","","","","",""
"    Total","","","","","","","","","","","","","","","","","","","","","","","","","","","","","","","","","","","","","","","","",""
"        Estimate","116,747","11.2%","29.2%","47.5%","12.1%","725,871","5.7%","8.5%","28.7%","18.4%","8.2%","18.1%","12.3%","85.8%","30.4%","138,101","89.0%","34.8%","126,269","90.3%","34.5%","294,321","87.3%","29.5%","167,180","77.0%","25.4%","","26.4%","13.0%","10.6%","3.9%","","37,479","22,770","30,605","35,901","49,218","70,358","","6.8%"
"    Male","","","","","","","","","","","","","","","","","","","","","","","","","","","","","","","","","","","","","","","","",""
"        Estimate","57,887","14.1%","30.9%","43.1%","11.9%","344,594","6.2%","8.7%","29.3%","17.0%","7.5%","18.8%","12.5%","85.1%","31.3%","69,754","87.8%","32.2%","62,365","88.7%","32.3%","141,564","86.1%","29.4%","70,911","77.3%","33.3%","","21.1%","10.0%","7.3%","3.9%","","42,462","26,830","36,150","41,931","59,777","80,508","","(X)"
"    Female","","","","","","","","","","","","","","","","","","","","","","","","","","","","","","","","","","","","","","","","",""
"        Estimate","58,860","8.2%","27.6%","51.8%","12.3%","381,277","5.4%","8.3%","28.1%","19.7%","8.9%","17.5%","12.2%","86.4%","29.7%","68,347","90.3%","37.5%","63,904","91.8%","36.7%","152,757","88.4%","29.5%","96,269","76.8%","19.6%","","31.7%","15.8%","13.2%","3.9%","","31,947","14,737","24,713","30,953","41,471","61,223","","(X)"
"South Carolina","","","","","","","","","","","","","","","","","","","","","","","","","","","","","","","","","","","","","","","","",""
"    Total","","","","","","","","","","","","","","","","","","","","","","","","","","","","","","","","","","","","","","","","",""
"        Estimate","487,869","14.5%","30.9%","46.2%","8.4%","3,260,929","4.5%","9.3%","30.3%","20.7%","8.8%","16.7%","9.6%","86.1%","26.3%","618,537","86.9%","27.5%","603,149","88.5%","29.1%","1,277,660","87.9%","25.8%","761,583","80.7%","23.9%","","31.3%","16.5%","11.2%","4.4%","","31,461","19,107","25,086","31,251","45,253","53,066","","7.0%"
"    Male","","","","","","","","","","","","","","","","","","","","","","","","","","","","","","","","","","","","","","","","",""
"        Estimate","253,547","16.4%","33.3%","43.9%","6.4%","1,544,480","5.0%","10.4%","31.0%","19.8%","7.7%","17.0%","8.9%","84.6%","26.0%","304,595","84.8%","23.2%","294,278","85.6%","25.8%","608,239","85.6%","25.2%","337,368","81.6%","30.0%","","26.2%","13.9%","8.0%","3.8%","","37,072","21,487","30,373","38,886","55,365","67,058","","(X)"
"    Female","","","","","","","","","","","","","","","","","","","","","","","","","","","","","","","","","","","","","","","","",""
"        Estimate","234,322","12.5%","28.3%","48.6%","10.6%","1,716,449","4.1%","8.3%","29.7%","21.5%","9.9%","16.3%","10.2%","87.5%","26.5%","313,942","89.0%","31.7%","308,871","91.2%","32.2%","669,421","90.0%","26.3%","424,215","80.0%","19.0%","","36.8%","18.9%","13.7%","5.0%","","26,711","14,256","20,229","25,905","36,374","48,445","","(X)"
"South Dakota","","","","","","","","","","","","","","","","","","","","","","","","","","","","","","","","","","","","","","","","",""
"    Total","","","","","","","","","","","","","","","","","","","","","","","","","","","","","","","","","","","","","","","","",""
"        Estimate","86,794","16.0%","30.6%","46.3%","7.1%","555,488","3.4%","4.9%","30.6%","22.0%","11.3%","20.0%","7.8%","91.7%","27.8%","111,603","92.4%","30.6%","97,015","93.7%","33.1%","217,516","94.6%","28.2%","129,354","84.6%","20.5%","","31.4%","13.3%","9.0%","3.7%","","32,419","20,706","27,443","31,865","40,316","49,632","","5.2%"
"    Male","","","","","","","","","","","","","","","","","","","","","","","","","","","","","","","","","","","","","","","","",""
"        Estimate","44,272","17.5%","34.2%","42.5%","5.8%","275,320","3.8%","5.7%","32.4%","21.3%","10.6%","18.2%","7.9%","90.5%","26.2%","57,823","90.6%","25.7%","49,913","92.4%","28.0%","108,967","93.2%","26.4%","58,617","83.7%","24.5%","","25.5%","11.8%","6.9%","3.1%","","40,165","26,227","32,028","40,933","49,939","60,173","","(X)"
"    Female","","","","","","","","","","","","","","","","","","","","","","","","","","","","","","","","","","","","","","","","",""
"        Estimate","42,522","14.5%","26.8%","50.3%","8.4%","280,168","3.0%","4.2%","28.9%","22.6%","12.0%","21.7%","7.6%","92.8%","29.3%","53,780","94.3%","35.8%","47,102","95.1%","38.5%","108,549","95.9%","30.0%","70,737","85.4%","17.3%","","39.2%","14.9%","10.9%","4.3%","","27,495","11,836","22,319","26,418","34,255","42,657","","(X)"
"Tennessee","","","","","","","","","","","","","","","","","","","","","","","","","","","","","","","","","","","","","","","","",""
"    Total","","","","","","","","","","","","","","","","","","","","","","","","","","","","","","","","","","","","","","","","",""
"        Estimate","631,942","12.9%","35.9%","42.3%","8.8%","4,425,073","5.4%","8.8%","33.3%","20.5%","6.7%","16.2%","9.1%","85.8%","25.3%","854,494","89.8%","29.3%","846,622","89.2%","28.4%","1,737,144","87.1%","24.7%","986,813","77.0%","20.0%","","32.0%","16.8%","11.3%","4.6%","","31,536","19,152","25,517","31,094","43,654","54,313","","6.6%"
"    Male","","","","","","","","","","","","","","","","","","","","","","","","","","","","","","","","","","","","","","","","",""
"        Estimate","318,526","14.9%","39.3%","39.1%","6.8%","2,109,755","5.8%","9.3%","34.3%","19.7%","5.8%","16.3%","8.8%","84.9%","25.1%","420,980","88.7%","25.5%","419,273","87.8%","25.8%","837,224","85.0%","24.5%","432,278","78.3%","25.1%","","28.6%","13.6%","8.4%","4.2%","","36,710","21,818","30,622","37,560","52,740","71,280","","(X)"
"    Female","","","","","","","","","","","","","","","","","","","","","","","","","","","","","","","","","","","","","","","","",""
"        Estimate","313,416","11.0%","32.5%","45.7%","10.9%","2,315,318","5.0%","8.4%","32.4%","21.2%","7.5%","16.1%","9.3%","86.6%","25.4%","433,514","90.8%","33.0%","427,349","90.7%","31.0%","899,920","89.1%","24.9%","554,535","76.0%","16.1%","","35.5%","19.9%","13.7%","4.9%","","26,829","14,394","20,471","26,148","37,183","47,439","","(X)"
"Texas","","","","","","","","","","","","","","","","","","","","","","","","","","","","","","","","","","","","","","","","",""
"    Total","","","","","","","","","","","","","","","","","","","","","","","","","","","","","","","","","","","","","","","","",""
"        Estimate","2,753,234","16.3%","31.6%","44.2%","7.8%","17,087,888","9.0%","8.8%","25.2%","22.5%","6.7%","18.2%","9.6%","82.2%","27.8%","3,904,730","85.7%","28.8%","3,660,268","82.4%","30.0%","6,426,877","82.5%","27.6%","3,096,013","76.8%","24.3%","","28.5%","15.1%","10.0%","4.5%","","35,506","20,364","27,038","34,643","51,491","66,552","","6.8%"
"    Male","","","","","","","","","","","","","","","","","","","","","","","","","","","","","","","","","","","","","","","","",""
"        Estimate","1,422,342","18.6%","34.0%","41.2%","6.2%","8,325,761","9.2%","9.2%","25.6%","21.9%","6.2%","17.8%","10.0%","81.6%","27.8%","1,983,145","83.8%","25.0%","1,819,584","81.0%","28.0%","3,152,703","81.8%","28.1%","1,370,329","78.6%","30.6%","","23.4%","12.6%","7.6%","4.2%","","41,478","24,806","32,215","42,094","63,857","85,800","","(X)"
"    Female","","","","","","","","","","","","","","","","","","","","","","","","","","","","","","","","","","","","","","","","",""
"        Estimate","1,330,892","13.9%","29.0%","47.5%","9.6%","8,762,127","8.9%","8.4%","24.7%","23.1%","7.2%","18.5%","9.3%","82.7%","27.8%","1,921,585","87.6%","32.7%","1,840,684","83.7%","31.9%","3,274,174","83.2%","27.1%","1,725,684","75.4%","19.3%","","33.5%","17.5%","12.1%","4.7%","","28,547","13,995","21,134","27,525","44,446","54,070","","(X)"
"Utah","","","","","","","","","","","","","","","","","","","","","","","","","","","","","","","","","","","","","","","","",""
"    Total","","","","","","","","","","","","","","","","","","","","","","","","","","","","","","","","","","","","","","","","",""
"        Estimate","332,619","14.1%","29.2%","50.2%","6.6%","1,704,734","3.0%","5.6%","23.0%","27.4%","9.9%","20.8%","10.3%","91.4%","31.1%","436,363","91.4%","29.8%","387,456","91.6%","33.4%","585,936","91.5%","30.9%","294,979","91.1%","30.4%","","20.7%","11.2%","8.1%","4.5%","","35,451","21,854","29,498","32,155","45,861","65,096","","5.2%"
"    Male","","","","","","","","","","","","","","","","","","","","","","","","","","","","","","","","","","","","","","","","",""
"        Estimate","166,681","15.3%","32.8%","48.4%","3.6%","846,406","3.0%","5.8%","22.3%","26.6%","8.3%","21.0%","12.9%","91.2%","33.9%","221,432","90.6%","28.8%","198,181","91.7%","34.5%","291,274","90.9%","34.8%","135,519","91.9%","39.3%","","15.4%","9.3%","7.3%","4.6%","","46,479","26,244","36,361","43,089","60,794","80,366","","(X)"
"    Female","","","","","","","","","","","","","","","","","","","","","","","","","","","","","","","","","","","","","","","","",""
"        Estimate","165,938","12.8%","25.5%","52.0%","9.7%","858,328","2.9%","5.4%","23.7%","28.2%","11.4%","20.5%","7.8%","91.6%","28.3%","214,931","92.2%","30.8%","189,275","91.4%","32.1%","294,662","92.1%","27.1%","159,460","90.3%","22.9%","","25.9%","12.9%","8.9%","4.5%","","25,151","16,269","22,535","23,338","31,104","50,431","","(X)"
"Vermont","","","","","","","","","","","","","","","","","","","","","","","","","","","","","","","","","","","","","","","","",""
"    Total","","","","","","","","","","","","","","","","","","","","","","","","","","","","","","","","","","","","","","","","",""
"        Estimate","66,473","8.6%","32.1%","46.6%","12.7%","438,279","2.8%","5.2%","30.7%","18.7%","7.8%","20.9%","14.0%","92.0%","34.9%","72,896","94.7%","38.5%","72,290","94.0%","39.1%","186,438","93.1%","33.6%","106,655","86.9%","31.8%","","24.5%","11.8%","10.0%","4.4%","","34,874","24,994","29,753","31,389","42,228","53,258","","5.1%"
"    Male","","","","","","","","","","","","","","","","","","","","","","","","","","","","","","","","","","","","","","","","",""
"        Estimate","34,108","8.3%","34.3%","46.8%","10.7%","211,293","3.3%","5.6%","34.4%","16.8%","6.7%","20.5%","12.7%","91.1%","33.2%","36,220","94.3%","35.2%","35,562","93.0%","35.4%","90,570","92.2%","31.3%","48,941","85.3%","33.6%","","18.9%","9.0%","9.6%","4.0%","","40,798","31,292","34,468","37,039","50,125","62,986","","(X)"
"    Female","","","","","","","","","","","","","","","","","","","","","","","","","","","","","","","","","","","","","","","","",""
"        Estimate","32,365","9.0%","29.9%","46.3%","14.7%","226,986","2.3%","4.8%","27.2%","20.4%","8.8%","21.2%","15.2%","92.9%","36.5%","36,676","95.1%","41.9%","36,728","95.0%","42.7%","95,868","94.0%","35.7%","57,714","88.3%","30.3%","","30.9%","15.2%","10.3%","4.8%","","29,353","12,496","22,169","27,180","36,095","47,495","","(X)"
"Virginia","","","","","","","","","","","","","","","","","","","","","","","","","","","","","","","","","","","","","","","","",""
"    Total","","","","","","","","","","","","","","","","","","","","","","","","","","","","","","","","","","","","","","","","",""
"        Estimate","835,457","10.8%","30.1%","47.0%","12.1%","5,623,295","4.8%","6.7%","24.6%","19.9%","7.3%","20.9%","15.9%","88.5%","36.7%","1,165,651","91.8%","39.7%","1,100,571","90.9%","42.6%","2,210,227","89.5%","36.3%","1,146,846","81.1%","28.9%","","23.1%","12.0%","8.6%","3.4%","","41,086","22,944","29,126","35,780","55,797","76,877","","7.3%"
"    Male","","","","","","","","","","","","","","","","","","","","","","","","","","","","","","","","","","","","","","","","",""
"        Estimate","430,017","11.6%","33.7%","44.6%","10.0%","2,710,032","5.2%","7.3%","25.4%","19.1%","6.2%","20.1%","16.8%","87.6%","36.9%","589,403","90.8%","35.4%","546,117","89.1%","39.4%","1,071,632","87.9%","36.8%","502,880","81.5%","36.2%","","18.9%","10.1%","6.2%","2.8%","","49,005","26,862","33,608","43,361","70,408","100,128","","(X)"
"    Female","","","","","","","","","","","","","","","","","","","","","","","","","","","","","","","","","","","","","","","","",""
"        Estimate","405,440","10.0%","26.2%","49.5%","14.4%","2,913,263","4.4%","6.2%","23.8%","20.7%","8.3%","21.6%","15.0%","89.4%","36.6%","576,248","92.8%","44.0%","554,454","92.7%","45.8%","1,138,595","90.9%","35.9%","643,966","80.9%","23.2%","","27.5%","13.9%","10.5%","3.9%","","33,745","17,177","23,218","29,272","45,923","60,773","","(X)"
"Washington","","","","","","","","","","","","","","","","","","","","","","","","","","","","","","","","","","","","","","","","",""
"    Total","","","","","","","","","","","","","","","","","","","","","","","","","","","","","","","","","","","","","","","","",""
"        Estimate","674,393","15.2%","31.6%","42.6%","10.6%","4,784,484","4.0%","5.5%","22.8%","24.5%","10.0%","21.0%","12.1%","90.4%","33.1%","1,012,757","90.9%","33.6%","924,373","90.3%","37.1%","1,854,838","91.2%","32.3%","992,516","88.7%","30.4%","","23.7%","13.2%","10.4%","4.9%","","40,180","22,799","31,016","35,409","54,844","70,746","","6.5%"
"    Male","","","","","","","","","","","","","","","","","","","","","","","","","","","","","","","","","","","","","","","","",""
"        Estimate","351,748","17.9%","34.5%","38.6%","9.1%","2,357,613","4.0%","5.9%","23.3%","23.6%","9.1%","21.5%","12.5%","90.1%","34.0%","522,760","89.6%","30.8%","466,338","89.8%","35.9%","918,406","90.6%","33.1%","450,109","89.8%","37.4%","","20.0%","11.7%","9.2%","4.3%","","48,534","26,718","37,088","44,598","68,110","87,151","","(X)"
"    Female","","","","","","","","","","","","","","","","","","","","","","","","","","","","","","","","","","","","","","","","",""
"        Estimate","322,645","12.2%","28.5%","47.1%","12.3%","2,426,871","4.1%","5.2%","22.3%","25.3%","10.9%","20.5%","11.7%","90.8%","32.3%","489,997","92.3%","36.7%","458,035","90.8%","38.2%","936,432","91.6%","31.5%","542,407","87.8%","24.6%","","27.6%","14.7%","11.6%","5.4%","","31,302","17,690","23,483","28,369","42,470","56,930","","(X)"
"West Virginia","","","","","","","","","","","","","","","","","","","","","","","","","","","","","","","","","","","","","","","","",""
"    Total","","","","","","","","","","","","","","","","","","","","","","","","","","","","","","","","","","","","","","","","",""
"        Estimate","170,776","14.2%","35.3%","43.6%","6.9%","1,296,350","5.0%","9.9%","41.1%","18.4%","6.5%","11.8%","7.4%","85.2%","19.2%","219,419","91.2%","24.4%","227,673","90.2%","22.2%","520,203","86.6%","19.1%","329,055","75.5%","13.7%","","30.3%","14.8%","13.3%","5.5%","","31,426","20,404","26,671","30,545","40,963","52,574","","5.1%"
"    Male","","","","","","","","","","","","","","","","","","","","","","","","","","","","","","","","","","","","","","","","",""
"        Estimate","88,089","15.3%","39.5%","40.2%","5.0%","629,875","5.6%","10.2%","42.8%","17.8%","5.0%","11.5%","7.0%","84.2%","18.6%","111,504","90.1%","20.8%","115,054","89.3%","19.1%","256,133","84.6%","18.5%","147,184","74.9%","16.6%","","27.7%","12.6%","9.5%","4.9%","","38,840","26,245","34,337","40,065","49,127","64,051","","(X)"
"    Female","","","","","","","","","","","","","","","","","","","","","","","","","","","","","","","","","","","","","","","","",""
"        Estimate","82,687","13.1%","30.7%","47.2%","9.0%","666,475","4.4%","9.5%","39.5%","19.0%","8.0%","12.0%","7.7%","86.2%","19.7%","107,915","92.4%","28.1%","112,619","91.2%","25.4%","264,070","88.5%","19.6%","181,871","75.9%","11.4%","","33.1%","16.9%","16.3%","6.0%","","25,344","13,359","19,916","25,265","35,956","49,299","","(X)"
"Wisconsin","","","","","","","","","","","","","","","","","","","","","","","","","","","","","","","","","","","","","","","","",""
"    Total","","","","","","","","","","","","","","","","","","","","","","","","","","","","","","","","","","","","","","","","",""
"        Estimate","559,900","11.1%","32.0%","46.5%","10.5%","3,898,162","3.0%","5.7%","31.9%","20.7%","10.3%","18.9%","9.5%","91.4%","28.4%","732,093","92.7%","33.6%","693,410","92.6%","33.0%","1,596,939","92.6%","27.6%","875,720","86.9%","22.0%","","24.2%","11.1%","9.2%","3.9%","","36,134","22,276","30,102","33,699","47,027","60,613","","5.3%"
"    Male","","","","","","","","","","","","","","","","","","","","","","","","","","","","","","","","","","","","","","","","",""
"        Estimate","284,794","12.6%","35.2%","42.8%","9.4%","1,909,221","3.3%","6.2%","33.0%","20.6%","9.5%","18.1%","9.3%","90.5%","27.4%","373,285","91.4%","29.2%","350,786","91.4%","28.6%","794,257","91.7%","27.1%","390,893","86.3%","25.3%","","19.9%","9.5%","7.5%","3.5%","","42,157","26,240","35,991","41,767","58,032","71,468","","(X)"
"    Female","","","","","","","","","","","","","","","","","","","","","","","","","","","","","","","","","","","","","","","","",""
"        Estimate","275,106","9.4%","28.6%","50.3%","11.7%","1,988,941","2.6%","5.1%","30.9%","20.8%","11.1%","19.7%","9.8%","92.2%","29.4%","358,808","94.1%","38.2%","342,624","93.9%","37.6%","802,682","93.6%","28.1%","484,827","87.4%","19.3%","","29.2%","12.7%","10.8%","4.3%","","30,272","16,358","23,363","27,544","40,082","53,568","","(X)"
"Wyoming","","","","","","","","","","","","","","","","","","","","","","","","","","","","","","","","","","","","","","","","",""
"    Total","","","","","","","","","","","","","","","","","","","","","","","","","","","","","","","","","","","","","","","","",""
"        Estimate","57,427","12.0%","33.0%","48.4%","6.6%","388,962","2.2%","5.3%","27.4%","27.9%","10.7%","17.9%","8.7%","92.6%","26.6%","83,555","92.5%","26.7%","71,119","93.9%","25.9%","153,956","93.3%","27.1%","80,332","90.1%","26.0%","","20.1%","11.0%","7.8%","3.4%","","36,526","25,537","30,662","32,602","43,572","61,174","","6.5%"
"    Male","","","","","","","","","","","","","","","","","","","","","","","","","","","","","","","","","","","","","","","","",""
"        Estimate","30,668","14.2%","33.0%","47.4%","5.5%","196,006","2.2%","5.4%","30.4%","26.3%","9.8%","17.8%","8.0%","92.3%","25.8%","43,837","92.9%","23.4%","36,597","93.1%","21.6%","78,019","92.4%","27.3%","37,553","90.7%","29.7%","","14.7%","8.8%","5.3%","3.3%","","47,102","32,173","42,007","45,175","53,575","70,944","","(X)"
"    Female","","","","","","","","","","","","","","","","","","","","","","","","","","","","","","","","","","","","","","","","",""
"        Estimate","26,759","9.5%","32.9%","49.7%","7.9%","192,956","2.1%","5.1%","24.5%","29.5%","11.6%","18.0%","9.3%","92.9%","27.3%","39,718","92.2%","30.2%","34,522","94.6%","30.5%","75,937","94.3%","27.0%","42,779","89.6%","22.7%","","26.0%","13.7%","10.1%","3.4%","","27,151","14,462","21,255","25,418","36,269","55,636","","(X)"
"Puerto Rico","","","","","","","","","","","","","","","","","","","","","","","","","","","","","","","","","","","","","","","","",""
"    Total","","","","","","","","","","","","","","","","","","","","","","","","","","","","","","","","","","","","","","","","",""
"        Estimate","374,975","11.0%","28.9%","52.5%","7.6%","2,400,677","16.6%","9.5%","27.9%","12.2%","9.3%","17.4%","7.1%","73.8%","24.4%","430,490","87.7%","30.7%","458,266","84.0%","29.4%","894,910","77.3%","25.7%","617,011","51.7%","14.5%","","63.5%","48.1%","35.1%","15.3%","","17,990","10,602","14,524","16,851","24,970","34,807","","6.0%"
"    Male","","","","","","","","","","","","","","","","","","","","","","","","","","","","","","","","","","","","","","","","",""
"        Estimate","193,170","13.6%","32.9%","49.0%","4.5%","1,108,206","17.6%","10.7%","31.2%","12.3%","8.2%","14.1%","6.0%","71.7%","20.1%","206,031","84.4%","24.0%","220,332","78.8%","22.5%","414,176","73.7%","20.2%","267,667","52.9%","15.0%","","63.0%","41.6%","26.4%","11.8%","","17,536","11,137","15,285","18,051","28,966","41,746","","(X)"
"    Female","","","","","","","","","","","","","","","","","","","","","","","","","","","","","","","","","","","","","","","","",""
"        Estimate","181,805","8.3%","24.5%","56.3%","10.9%","1,292,471","15.8%","8.5%","25.1%","12.1%","10.3%","20.2%","8.0%","75.7%","28.2%","224,459","90.8%","36.8%","237,934","88.7%","35.8%","480,734","80.3%","30.5%","349,344","50.8%","14.2%","","64.0%","54.9%","41.8%","17.4%","","18,432","9,390","12,834","15,859","23,548","31,726","","(X)"