state_name,year,ID
ALABAMA,1987,1
ALASKA,1987,2
ARIZONA,1987,3
ARKANSAS,1987,4
CALIFORNIA,1987,5
COLORADO,1987,6
CONNECTICUT,1987,7
DELAWARE,1987,8
FLORIDA,1987,9
GEORGIA,1987,10
HAWAII,1987,11
IDAHO,1987,12
ILLINOIS,1987,13
INDIANA,1987,14
IOWA,1987,15
KANSAS,1987,16
KENTUCKY,1987,17
LOUISIANA,1987,18
MAINE,1987,19
MARYLAND,1987,20
MASSACHUSETTS,1987,21
MICHIGAN,1987,22
MINNESOTA,1987,23
MISSISSIPPI,1987,24
MISSOURI,1987,25
MONTANA,1987,26
NEBRASKA,1987,27
NEVADA,1987,28
NEW HAMPSHIRE,1987,29
NEW JERSEY,1987,30
NEW MEXICO,1987,31
NEW YORK,1987,32
NORTH CAROLINA,1987,33
NORTH DAKOTA,1987,34
OHIO,1987,35
OKLAHOMA,1987,36
OREGON,1987,37
PENNSYLVANIA,1987,38
RHODE ISLAND,1987,39
SOUTH CAROLINA,1987,40
SOUTH DAKOTA,1987,41
TENNESSEE,1987,42
TEXAS,1987,43
UTAH,1987,44
VERMONT,1987,45
VIRGINIA,1987,46
WASHINGTON,1987,47
WEST VIRGINIA,1987,48
WISCONSIN,1987,49
WYOMING,1987,50
ALABAMA,1988,51
ALASKA,1988,52
ARIZONA,1988,53
ARKANSAS,1988,54
CALIFORNIA,1988,55
COLORADO,1988,56
CONNECTICUT,1988,57
DELAWARE,1988,58
FLORIDA,1988,59
GEORGIA,1988,60
HAWAII,1988,61
IDAHO,1988,62
ILLINOIS,1988,63
INDIANA,1988,64
IOWA,1988,65
KANSAS,1988,66
KENTUCKY,1988,67
LOUISIANA,1988,68
MAINE,1988,69
MARYLAND,1988,70
MASSACHUSETTS,1988,71
MICHIGAN,1988,72
MINNESOTA,1988,73
MISSISSIPPI,1988,74
MISSOURI,1988,75
MONTANA,1988,76
NEBRASKA,1988,77
NEVADA,1988,78
NEW HAMPSHIRE,1988,79
NEW JERSEY,1988,80
NEW MEXICO,1988,81
NEW YORK,1988,82
NORTH CAROLINA,1988,83
NORTH DAKOTA,1988,84
OHIO,1988,85
OKLAHOMA,1988,86
OREGON,1988,87
PENNSYLVANIA,1988,88
RHODE ISLAND,1988,89
SOUTH CAROLINA,1988,90
SOUTH DAKOTA,1988,91
TENNESSEE,1988,92
TEXAS,1988,93
UTAH,1988,94
VERMONT,1988,95
VIRGINIA,1988,96
WASHINGTON,1988,97
WEST VIRGINIA,1988,98
WISCONSIN,1988,99
WYOMING,1988,100
ALABAMA,1989,101
ALASKA,1989,102
ARIZONA,1989,103
ARKANSAS,1989,104
CALIFORNIA,1989,105
COLORADO,1989,106
CONNECTICUT,1989,107
DELAWARE,1989,108
FLORIDA,1989,109
GEORGIA,1989,110
HAWAII,1989,111
IDAHO,1989,112
ILLINOIS,1989,113
INDIANA,1989,114
IOWA,1989,115
KANSAS,1989,116
KENTUCKY,1989,117
LOUISIANA,1989,118
MAINE,1989,119
MARYLAND,1989,120
MASSACHUSETTS,1989,121
MICHIGAN,1989,122
MINNESOTA,1989,123
MISSISSIPPI,1989,124
MISSOURI,1989,125
MONTANA,1989,126
NEBRASKA,1989,127
NEVADA,1989,128
NEW HAMPSHIRE,1989,129
NEW JERSEY,1989,130
NEW MEXICO,1989,131
NEW YORK,1989,132
NORTH CAROLINA,1989,133
NORTH DAKOTA,1989,134
OHIO,1989,135
OKLAHOMA,1989,136
OREGON,1989,137
PENNSYLVANIA,1989,138
RHODE ISLAND,1989,139
SOUTH CAROLINA,1989,140
SOUTH DAKOTA,1989,141
TENNESSEE,1989,142
TEXAS,1989,143
UTAH,1989,144
VERMONT,1989,145
VIRGINIA,1989,146
WASHINGTON,1989,147
WEST VIRGINIA,1989,148
WISCONSIN,1989,149
WYOMING,1989,150
ALABAMA,1990,151
ALASKA,1990,152
ARIZONA,1990,153
ARKANSAS,1990,154
CALIFORNIA,1990,155
COLORADO,1990,156
CONNECTICUT,1990,157
DELAWARE,1990,158
FLORIDA,1990,159
GEORGIA,1990,160
HAWAII,1990,161
IDAHO,1990,162
ILLINOIS,1990,163
INDIANA,1990,164
IOWA,1990,165
KANSAS,1990,166
KENTUCKY,1990,167
LOUISIANA,1990,168
MAINE,1990,169
MARYLAND,1990,170
MASSACHUSETTS,1990,171
MICHIGAN,1990,172
MINNESOTA,1990,173
MISSISSIPPI,1990,174
MISSOURI,1990,175
MONTANA,1990,176
NEBRASKA,1990,177
NEVADA,1990,178
NEW HAMPSHIRE,1990,179
NEW JERSEY,1990,180
NEW MEXICO,1990,181
NEW YORK,1990,182
NORTH CAROLINA,1990,183
NORTH DAKOTA,1990,184
OHIO,1990,185
OKLAHOMA,1990,186
OREGON,1990,187
PENNSYLVANIA,1990,188
RHODE ISLAND,1990,189
SOUTH CAROLINA,1990,190
SOUTH DAKOTA,1990,191
TENNESSEE,1990,192
TEXAS,1990,193
UTAH,1990,194
VERMONT,1990,195
VIRGINIA,1990,196
WASHINGTON,1990,197
WEST VIRGINIA,1990,198
WISCONSIN,1990,199
WYOMING,1990,200
ALABAMA,1991,201
ALASKA,1991,202
ARIZONA,1991,203
ARKANSAS,1991,204
CALIFORNIA,1991,205
COLORADO,1991,206
CONNECTICUT,1991,207
DELAWARE,1991,208
FLORIDA,1991,209
GEORGIA,1991,210
HAWAII,1991,211
IDAHO,1991,212
ILLINOIS,1991,213
INDIANA,1991,214
IOWA,1991,215
KANSAS,1991,216
KENTUCKY,1991,217
LOUISIANA,1991,218
MAINE,1991,219
MARYLAND,1991,220
MASSACHUSETTS,1991,221
MICHIGAN,1991,222
MINNESOTA,1991,223
MISSISSIPPI,1991,224
MISSOURI,1991,225
MONTANA,1991,226
NEBRASKA,1991,227
NEVADA,1991,228
NEW HAMPSHIRE,1991,229
NEW JERSEY,1991,230
NEW MEXICO,1991,231
NEW YORK,1991,232
NORTH CAROLINA,1991,233
NORTH DAKOTA,1991,234
OHIO,1991,235
OKLAHOMA,1991,236
OREGON,1991,237
PENNSYLVANIA,1991,238
RHODE ISLAND,1991,239
SOUTH CAROLINA,1991,240
SOUTH DAKOTA,1991,241
TENNESSEE,1991,242
TEXAS,1991,243
UTAH,1991,244
VERMONT,1991,245
VIRGINIA,1991,246
WASHINGTON,1991,247
WEST VIRGINIA,1991,248
WISCONSIN,1991,249
WYOMING,1991,250
ALABAMA,1992,251
ALASKA,1992,252
ARIZONA,1992,253
ARKANSAS,1992,254
CALIFORNIA,1992,255
COLORADO,1992,256
CONNECTICUT,1992,257
DELAWARE,1992,258
FLORIDA,1992,259
GEORGIA,1992,260
HAWAII,1992,261
IDAHO,1992,262
ILLINOIS,1992,263
INDIANA,1992,264
IOWA,1992,265
KANSAS,1992,266
KENTUCKY,1992,267
LOUISIANA,1992,268
MAINE,1992,269
MARYLAND,1992,270
MASSACHUSETTS,1992,271
MICHIGAN,1992,272
MINNESOTA,1992,273
MISSISSIPPI,1992,274
MISSOURI,1992,275
MONTANA,1992,276
NEBRASKA,1992,277
NEVADA,1992,278
NEW HAMPSHIRE,1992,279
NEW JERSEY,1992,280
NEW MEXICO,1992,281
NEW YORK,1992,282
NORTH CAROLINA,1992,283
NORTH DAKOTA,1992,284
OHIO,1992,285
OKLAHOMA,1992,286
OREGON,1992,287
PENNSYLVANIA,1992,288
RHODE ISLAND,1992,289
SOUTH CAROLINA,1992,290
SOUTH DAKOTA,1992,291
TENNESSEE,1992,292
TEXAS,1992,293
UTAH,1992,294
VERMONT,1992,295
VIRGINIA,1992,296
WASHINGTON,1992,297
WEST VIRGINIA,1992,298
WISCONSIN,1992,299
WYOMING,1992,300
ALABAMA,1993,301
ALASKA,1993,302
ARIZONA,1993,303
ARKANSAS,1993,304
CALIFORNIA,1993,305
COLORADO,1993,306
CONNECTICUT,1993,307
DELAWARE,1993,308
FLORIDA,1993,309
GEORGIA,1993,310
HAWAII,1993,311
IDAHO,1993,312
ILLINOIS,1993,313
INDIANA,1993,314
IOWA,1993,315
KANSAS,1993,316
KENTUCKY,1993,317
LOUISIANA,1993,318
MAINE,1993,319
MARYLAND,1993,320
MASSACHUSETTS,1993,321
MICHIGAN,1993,322
MINNESOTA,1993,323
MISSISSIPPI,1993,324
MISSOURI,1993,325
MONTANA,1993,326
NEBRASKA,1993,327
NEVADA,1993,328
NEW HAMPSHIRE,1993,329
NEW JERSEY,1993,330
NEW MEXICO,1993,331
NEW YORK,1993,332
NORTH CAROLINA,1993,333
NORTH DAKOTA,1993,334
OHIO,1993,335
OKLAHOMA,1993,336
OREGON,1993,337
PENNSYLVANIA,1993,338
RHODE ISLAND,1993,339
SOUTH CAROLINA,1993,340
SOUTH DAKOTA,1993,341
TENNESSEE,1993,342
TEXAS,1993,343
UTAH,1993,344
VERMONT,1993,345
VIRGINIA,1993,346
WASHINGTON,1993,347
WEST VIRGINIA,1993,348
WISCONSIN,1993,349
WYOMING,1993,350
ALABAMA,1994,351
ALASKA,1994,352
ARIZONA,1994,353
ARKANSAS,1994,354
CALIFORNIA,1994,355
COLORADO,1994,356
CONNECTICUT,1994,357
DELAWARE,1994,358
FLORIDA,1994,359
GEORGIA,1994,360
HAWAII,1994,361
IDAHO,1994,362
ILLINOIS,1994,363
INDIANA,1994,364
IOWA,1994,365
KANSAS,1994,366
KENTUCKY,1994,367
LOUISIANA,1994,368
MAINE,1994,369
MARYLAND,1994,370
MASSACHUSETTS,1994,371
MICHIGAN,1994,372
MINNESOTA,1994,373
MISSISSIPPI,1994,374
MISSOURI,1994,375
MONTANA,1994,376
NEBRASKA,1994,377
NEVADA,1994,378
NEW HAMPSHIRE,1994,379
NEW JERSEY,1994,380
NEW MEXICO,1994,381
NEW YORK,1994,382
NORTH CAROLINA,1994,383
NORTH DAKOTA,1994,384
OHIO,1994,385
OKLAHOMA,1994,386
OREGON,1994,387
PENNSYLVANIA,1994,388
RHODE ISLAND,1994,389
SOUTH CAROLINA,1994,390
SOUTH DAKOTA,1994,391
TENNESSEE,1994,392
TEXAS,1994,393
UTAH,1994,394
VERMONT,1994,395
VIRGINIA,1994,396
WASHINGTON,1994,397
WEST VIRGINIA,1994,398
WISCONSIN,1994,399
WYOMING,1994,400
ALABAMA,1995,401
ALASKA,1995,402
ARIZONA,1995,403
ARKANSAS,1995,404
CALIFORNIA,1995,405
COLORADO,1995,406
CONNECTICUT,1995,407
DELAWARE,1995,408
FLORIDA,1995,409
GEORGIA,1995,410
HAWAII,1995,411
IDAHO,1995,412
ILLINOIS,1995,413
INDIANA,1995,414
IOWA,1995,415
KANSAS,1995,416
KENTUCKY,1995,417
LOUISIANA,1995,418
MAINE,1995,419
MARYLAND,1995,420
MASSACHUSETTS,1995,421
MICHIGAN,1995,422
MINNESOTA,1995,423
MISSISSIPPI,1995,424
MISSOURI,1995,425
MONTANA,1995,426
NEBRASKA,1995,427
NEVADA,1995,428
NEW HAMPSHIRE,1995,429
NEW JERSEY,1995,430
NEW MEXICO,1995,431
NEW YORK,1995,432
NORTH CAROLINA,1995,433
NORTH DAKOTA,1995,434
OHIO,1995,435
OKLAHOMA,1995,436
OREGON,1995,437
PENNSYLVANIA,1995,438
RHODE ISLAND,1995,439
SOUTH CAROLINA,1995,440
SOUTH DAKOTA,1995,441
TENNESSEE,1995,442
TEXAS,1995,443
UTAH,1995,444
VERMONT,1995,445
VIRGINIA,1995,446
WASHINGTON,1995,447
WEST VIRGINIA,1995,448
WISCONSIN,1995,449
WYOMING,1995,450
ALABAMA,1996,451
ALASKA,1996,452
ARIZONA,1996,453
ARKANSAS,1996,454
CALIFORNIA,1996,455
COLORADO,1996,456
CONNECTICUT,1996,457
DELAWARE,1996,458
FLORIDA,1996,459
GEORGIA,1996,460
HAWAII,1996,461
IDAHO,1996,462
ILLINOIS,1996,463
INDIANA,1996,464
IOWA,1996,465
KANSAS,1996,466
KENTUCKY,1996,467
LOUISIANA,1996,468
MAINE,1996,469
MARYLAND,1996,470
MASSACHUSETTS,1996,471
MICHIGAN,1996,472
MINNESOTA,1996,473
MISSISSIPPI,1996,474
MISSOURI,1996,475
MONTANA,1996,476
NEBRASKA,1996,477
NEVADA,1996,478
NEW HAMPSHIRE,1996,479
NEW JERSEY,1996,480
NEW MEXICO,1996,481
NEW YORK,1996,482
NORTH CAROLINA,1996,483
NORTH DAKOTA,1996,484
OHIO,1996,485
OKLAHOMA,1996,486
OREGON,1996,487
PENNSYLVANIA,1996,488
RHODE ISLAND,1996,489
SOUTH CAROLINA,1996,490
SOUTH DAKOTA,1996,491
TENNESSEE,1996,492
TEXAS,1996,493
UTAH,1996,494
VERMONT,1996,495
VIRGINIA,1996,496
WASHINGTON,1996,497
WEST VIRGINIA,1996,498
WISCONSIN,1996,499
WYOMING,1996,500
ALABAMA,1997,501
ALASKA,1997,502
ARIZONA,1997,503
ARKANSAS,1997,504
CALIFORNIA,1997,505
COLORADO,1997,506
CONNECTICUT,1997,507
DELAWARE,1997,508
FLORIDA,1997,509
GEORGIA,1997,510
HAWAII,1997,511
IDAHO,1997,512
ILLINOIS,1997,513
INDIANA,1997,514
IOWA,1997,515
KANSAS,1997,516
KENTUCKY,1997,517
LOUISIANA,1997,518
MAINE,1997,519
MARYLAND,1997,520
MASSACHUSETTS,1997,521
MICHIGAN,1997,522
MINNESOTA,1997,523
MISSISSIPPI,1997,524
MISSOURI,1997,525
MONTANA,1997,526
NEBRASKA,1997,527
NEVADA,1997,528
NEW HAMPSHIRE,1997,529
NEW JERSEY,1997,530
NEW MEXICO,1997,531
NEW YORK,1997,532
NORTH CAROLINA,1997,533
NORTH DAKOTA,1997,534
OHIO,1997,535
OKLAHOMA,1997,536
OREGON,1997,537
PENNSYLVANIA,1997,538
RHODE ISLAND,1997,539
SOUTH CAROLINA,1997,540
SOUTH DAKOTA,1997,541
TENNESSEE,1997,542
TEXAS,1997,543
UTAH,1997,544
VERMONT,1997,545
VIRGINIA,1997,546
WASHINGTON,1997,547
WEST VIRGINIA,1997,548
WISCONSIN,1997,549
WYOMING,1997,550
ALABAMA,1998,551
ALASKA,1998,552
ARIZONA,1998,553
ARKANSAS,1998,554
CALIFORNIA,1998,555
COLORADO,1998,556
CONNECTICUT,1998,557
DELAWARE,1998,558
FLORIDA,1998,559
GEORGIA,1998,560
HAWAII,1998,561
IDAHO,1998,562
ILLINOIS,1998,563
INDIANA,1998,564
IOWA,1998,565
KANSAS,1998,566
KENTUCKY,1998,567
LOUISIANA,1998,568
MAINE,1998,569
MARYLAND,1998,570
MASSACHUSETTS,1998,571
MICHIGAN,1998,572
MINNESOTA,1998,573
MISSISSIPPI,1998,574
MISSOURI,1998,575
MONTANA,1998,576
NEBRASKA,1998,577
NEVADA,1998,578
NEW HAMPSHIRE,1998,579
NEW JERSEY,1998,580
NEW MEXICO,1998,581
NEW YORK,1998,582
NORTH CAROLINA,1998,583
NORTH DAKOTA,1998,584
OHIO,1998,585
OKLAHOMA,1998,586
OREGON,1998,587
PENNSYLVANIA,1998,588
RHODE ISLAND,1998,589
SOUTH CAROLINA,1998,590
SOUTH DAKOTA,1998,591
TENNESSEE,1998,592
TEXAS,1998,593
UTAH,1998,594
VERMONT,1998,595
VIRGINIA,1998,596
WASHINGTON,1998,597
WEST VIRGINIA,1998,598
WISCONSIN,1998,599
WYOMING,1998,600
ALABAMA,1999,601
ALASKA,1999,602
ARIZONA,1999,603
ARKANSAS,1999,604
CALIFORNIA,1999,605
COLORADO,1999,606
CONNECTICUT,1999,607
DELAWARE,1999,608
FLORIDA,1999,609
GEORGIA,1999,610
HAWAII,1999,611
IDAHO,1999,612
ILLINOIS,1999,613
INDIANA,1999,614
IOWA,1999,615
KANSAS,1999,616
KENTUCKY,1999,617
LOUISIANA,1999,618
MAINE,1999,619
MARYLAND,1999,620
MASSACHUSETTS,1999,621
MICHIGAN,1999,622
MINNESOTA,1999,623
MISSISSIPPI,1999,624
MISSOURI,1999,625
MONTANA,1999,626
NEBRASKA,1999,627
NEVADA,1999,628
NEW HAMPSHIRE,1999,629
NEW JERSEY,1999,630
NEW MEXICO,1999,631
NEW YORK,1999,632
NORTH CAROLINA,1999,633
NORTH DAKOTA,1999,634
OHIO,1999,635
OKLAHOMA,1999,636
OREGON,1999,637
PENNSYLVANIA,1999,638
RHODE ISLAND,1999,639
SOUTH CAROLINA,1999,640
SOUTH DAKOTA,1999,641
TENNESSEE,1999,642
TEXAS,1999,643
UTAH,1999,644
VERMONT,1999,645
VIRGINIA,1999,646
WASHINGTON,1999,647
WEST VIRGINIA,1999,648
WISCONSIN,1999,649
WYOMING,1999,650
ALABAMA,2000,651
ALASKA,2000,652
ARIZONA,2000,653
ARKANSAS,2000,654
CALIFORNIA,2000,655
COLORADO,2000,656
CONNECTICUT,2000,657
DELAWARE,2000,658
FLORIDA,2000,659
GEORGIA,2000,660
HAWAII,2000,661
IDAHO,2000,662
ILLINOIS,2000,663
INDIANA,2000,664
IOWA,2000,665
KANSAS,2000,666
KENTUCKY,2000,667
LOUISIANA,2000,668
MAINE,2000,669
MARYLAND,2000,670
MASSACHUSETTS,2000,671
MICHIGAN,2000,672
MINNESOTA,2000,673
MISSISSIPPI,2000,674
MISSOURI,2000,675
MONTANA,2000,676
NEBRASKA,2000,677
NEVADA,2000,678
NEW HAMPSHIRE,2000,679
NEW JERSEY,2000,680
NEW MEXICO,2000,681
NEW YORK,2000,682
NORTH CAROLINA,2000,683
NORTH DAKOTA,2000,684
OHIO,2000,685
OKLAHOMA,2000,686
OREGON,2000,687
PENNSYLVANIA,2000,688
RHODE ISLAND,2000,689
SOUTH CAROLINA,2000,690
SOUTH DAKOTA,2000,691
TENNESSEE,2000,692
TEXAS,2000,693
UTAH,2000,694
VERMONT,2000,695
VIRGINIA,2000,696
WASHINGTON,2000,697
WEST VIRGINIA,2000,698
WISCONSIN,2000,699
WYOMING,2000,700
ALABAMA,2001,701
ALASKA,2001,702
ARIZONA,2001,703
ARKANSAS,2001,704
CALIFORNIA,2001,705
COLORADO,2001,706
CONNECTICUT,2001,707
DELAWARE,2001,708
FLORIDA,2001,709
GEORGIA,2001,710
HAWAII,2001,711
IDAHO,2001,712
ILLINOIS,2001,713
INDIANA,2001,714
IOWA,2001,715
KANSAS,2001,716
KENTUCKY,2001,717
LOUISIANA,2001,718
MAINE,2001,719
MARYLAND,2001,720
MASSACHUSETTS,2001,721
MICHIGAN,2001,722
MINNESOTA,2001,723
MISSISSIPPI,2001,724
MISSOURI,2001,725
MONTANA,2001,726
NEBRASKA,2001,727
NEVADA,2001,728
NEW HAMPSHIRE,2001,729
NEW JERSEY,2001,730
NEW MEXICO,2001,731
NEW YORK,2001,732
NORTH CAROLINA,2001,733
NORTH DAKOTA,2001,734
OHIO,2001,735
OKLAHOMA,2001,736
OREGON,2001,737
PENNSYLVANIA,2001,738
RHODE ISLAND,2001,739
SOUTH CAROLINA,2001,740
SOUTH DAKOTA,2001,741
TENNESSEE,2001,742
TEXAS,2001,743
UTAH,2001,744
VERMONT,2001,745
VIRGINIA,2001,746
WASHINGTON,2001,747
WEST VIRGINIA,2001,748
WISCONSIN,2001,749
WYOMING,2001,750
ALABAMA,2002,751
ALASKA,2002,752
ARIZONA,2002,753
ARKANSAS,2002,754
CALIFORNIA,2002,755
COLORADO,2002,756
CONNECTICUT,2002,757
DELAWARE,2002,758
FLORIDA,2002,759
GEORGIA,2002,760
HAWAII,2002,761
IDAHO,2002,762
ILLINOIS,2002,763
INDIANA,2002,764
IOWA,2002,765
KANSAS,2002,766
KENTUCKY,2002,767
LOUISIANA,2002,768
MAINE,2002,769
MARYLAND,2002,770
MASSACHUSETTS,2002,771
MICHIGAN,2002,772
MINNESOTA,2002,773
MISSISSIPPI,2002,774
MISSOURI,2002,775
MONTANA,2002,776
NEBRASKA,2002,777
NEVADA,2002,778
NEW HAMPSHIRE,2002,779
NEW JERSEY,2002,780
NEW MEXICO,2002,781
NEW YORK,2002,782
NORTH CAROLINA,2002,783
NORTH DAKOTA,2002,784
OHIO,2002,785
OKLAHOMA,2002,786
OREGON,2002,787
PENNSYLVANIA,2002,788
RHODE ISLAND,2002,789
SOUTH CAROLINA,2002,790
SOUTH DAKOTA,2002,791
TENNESSEE,2002,792
TEXAS,2002,793
UTAH,2002,794
VERMONT,2002,795
VIRGINIA,2002,796
WASHINGTON,2002,797
WEST VIRGINIA,2002,798
WISCONSIN,2002,799
WYOMING,2002,800
ALABAMA,2003,801
ALASKA,2003,802
ARIZONA,2003,803
ARKANSAS,2003,804
CALIFORNIA,2003,805
COLORADO,2003,806
CONNECTICUT,2003,807
DELAWARE,2003,808
FLORIDA,2003,809
GEORGIA,2003,810
HAWAII,2003,811
IDAHO,2003,812
ILLINOIS,2003,813
INDIANA,2003,814
IOWA,2003,815
KANSAS,2003,816
KENTUCKY,2003,817
LOUISIANA,2003,818
MAINE,2003,819
MARYLAND,2003,820
MASSACHUSETTS,2003,821
MICHIGAN,2003,822
MINNESOTA,2003,823
MISSISSIPPI,2003,824
MISSOURI,2003,825
MONTANA,2003,826
NEBRASKA,2003,827
NEVADA,2003,828
NEW HAMPSHIRE,2003,829
NEW JERSEY,2003,830
NEW MEXICO,2003,831
NEW YORK,2003,832
NORTH CAROLINA,2003,833
NORTH DAKOTA,2003,834
OHIO,2003,835
OKLAHOMA,2003,836
OREGON,2003,837
PENNSYLVANIA,2003,838
RHODE ISLAND,2003,839
SOUTH CAROLINA,2003,840
SOUTH DAKOTA,2003,841
TENNESSEE,2003,842
TEXAS,2003,843
UTAH,2003,844
VERMONT,2003,845
VIRGINIA,2003,846
WASHINGTON,2003,847
WEST VIRGINIA,2003,848
WISCONSIN,2003,849
WYOMING,2003,850
ALABAMA,2004,851
ALASKA,2004,852
ARIZONA,2004,853
ARKANSAS,2004,854
CALIFORNIA,2004,855
COLORADO,2004,856
CONNECTICUT,2004,857
DELAWARE,2004,858
FLORIDA,2004,859
GEORGIA,2004,860
HAWAII,2004,861
IDAHO,2004,862
ILLINOIS,2004,863
INDIANA,2004,864
IOWA,2004,865
KANSAS,2004,866
KENTUCKY,2004,867
LOUISIANA,2004,868
MAINE,2004,869
MARYLAND,2004,870
MASSACHUSETTS,2004,871
MICHIGAN,2004,872
MINNESOTA,2004,873
MISSISSIPPI,2004,874
MISSOURI,2004,875
MONTANA,2004,876
NEBRASKA,2004,877
NEVADA,2004,878
NEW HAMPSHIRE,2004,879
NEW JERSEY,2004,880
NEW MEXICO,2004,881
NEW YORK,2004,882
NORTH CAROLINA,2004,883
NORTH DAKOTA,2004,884
OHIO,2004,885
OKLAHOMA,2004,886
OREGON,2004,887
PENNSYLVANIA,2004,888
RHODE ISLAND,2004,889
SOUTH CAROLINA,2004,890
SOUTH DAKOTA,2004,891
TENNESSEE,2004,892
TEXAS,2004,893
UTAH,2004,894
VERMONT,2004,895
VIRGINIA,2004,896
WASHINGTON,2004,897
WEST VIRGINIA,2004,898
WISCONSIN,2004,899
WYOMING,2004,900
ALABAMA,2005,901
ALASKA,2005,902
ARIZONA,2005,903
ARKANSAS,2005,904
CALIFORNIA,2005,905
COLORADO,2005,906
CONNECTICUT,2005,907
DELAWARE,2005,908
FLORIDA,2005,909
GEORGIA,2005,910
HAWAII,2005,911
IDAHO,2005,912
ILLINOIS,2005,913
INDIANA,2005,914
IOWA,2005,915
KANSAS,2005,916
KENTUCKY,2005,917
LOUISIANA,2005,918
MAINE,2005,919
MARYLAND,2005,920
MASSACHUSETTS,2005,921
MICHIGAN,2005,922
MINNESOTA,2005,923
MISSISSIPPI,2005,924
MISSOURI,2005,925
MONTANA,2005,926
NEBRASKA,2005,927
NEVADA,2005,928
NEW HAMPSHIRE,2005,929
NEW JERSEY,2005,930
NEW MEXICO,2005,931
NEW YORK,2005,932
NORTH CAROLINA,2005,933
NORTH DAKOTA,2005,934
OHIO,2005,935
OKLAHOMA,2005,936
OREGON,2005,937
PENNSYLVANIA,2005,938
RHODE ISLAND,2005,939
SOUTH CAROLINA,2005,940
SOUTH DAKOTA,2005,941
TENNESSEE,2005,942
TEXAS,2005,943
UTAH,2005,944
VERMONT,2005,945
VIRGINIA,2005,946
WASHINGTON,2005,947
WEST VIRGINIA,2005,948
WISCONSIN,2005,949
WYOMING,2005,950
ALABAMA,2006,951
ALASKA,2006,952
ARIZONA,2006,953
ARKANSAS,2006,954
CALIFORNIA,2006,955
COLORADO,2006,956
CONNECTICUT,2006,957
DELAWARE,2006,958
FLORIDA,2006,959
GEORGIA,2006,960
HAWAII,2006,961
IDAHO,2006,962
ILLINOIS,2006,963
INDIANA,2006,964
IOWA,2006,965
KANSAS,2006,966
KENTUCKY,2006,967
LOUISIANA,2006,968
MAINE,2006,969
MARYLAND,2006,970
MASSACHUSETTS,2006,971
MICHIGAN,2006,972
MINNESOTA,2006,973
MISSISSIPPI,2006,974
MISSOURI,2006,975
MONTANA,2006,976
NEBRASKA,2006,977
NEVADA,2006,978
NEW HAMPSHIRE,2006,979
NEW JERSEY,2006,980
NEW MEXICO,2006,981
NEW YORK,2006,982
NORTH CAROLINA,2006,983
NORTH DAKOTA,2006,984
OHIO,2006,985
OKLAHOMA,2006,986
OREGON,2006,987
PENNSYLVANIA,2006,988
RHODE ISLAND,2006,989
SOUTH CAROLINA,2006,990
SOUTH DAKOTA,2006,991
TENNESSEE,2006,992
TEXAS,2006,993
UTAH,2006,994
VERMONT,2006,995
VIRGINIA,2006,996
WASHINGTON,2006,997
WEST VIRGINIA,2006,998
WISCONSIN,2006,999
WYOMING,2006,1000
ALABAMA,2007,1001
ALASKA,2007,1002
ARIZONA,2007,1003
ARKANSAS,2007,1004
CALIFORNIA,2007,1005
COLORADO,2007,1006
CONNECTICUT,2007,1007
DELAWARE,2007,1008
FLORIDA,2007,1009
GEORGIA,2007,1010
HAWAII,2007,1011
IDAHO,2007,1012
ILLINOIS,2007,1013
INDIANA,2007,1014
IOWA,2007,1015
KANSAS,2007,1016
KENTUCKY,2007,1017
LOUISIANA,2007,1018
MAINE,2007,1019
MARYLAND,2007,1020
MASSACHUSETTS,2007,1021
MICHIGAN,2007,1022
MINNESOTA,2007,1023
MISSISSIPPI,2007,1024
MISSOURI,2007,1025
MONTANA,2007,1026
NEBRASKA,2007,1027
NEVADA,2007,1028
NEW HAMPSHIRE,2007,1029
NEW JERSEY,2007,1030
NEW MEXICO,2007,1031
NEW YORK,2007,1032
NORTH CAROLINA,2007,1033
NORTH DAKOTA,2007,1034
OHIO,2007,1035
OKLAHOMA,2007,1036
OREGON,2007,1037
PENNSYLVANIA,2007,1038
RHODE ISLAND,2007,1039
SOUTH CAROLINA,2007,1040
SOUTH DAKOTA,2007,1041
TENNESSEE,2007,1042
TEXAS,2007,1043
UTAH,2007,1044
VERMONT,2007,1045
VIRGINIA,2007,1046
WASHINGTON,2007,1047
WEST VIRGINIA,2007,1048
WISCONSIN,2007,1049
WYOMING,2007,1050
ALABAMA,2008,1051
ALASKA,2008,1052
ARIZONA,2008,1053
ARKANSAS,2008,1054
CALIFORNIA,2008,1055
COLORADO,2008,1056
CONNECTICUT,2008,1057
DELAWARE,2008,1058
FLORIDA,2008,1059
GEORGIA,2008,1060
HAWAII,2008,1061
IDAHO,2008,1062
ILLINOIS,2008,1063
INDIANA,2008,1064
IOWA,2008,1065
KANSAS,2008,1066
KENTUCKY,2008,1067
LOUISIANA,2008,1068
MAINE,2008,1069
MARYLAND,2008,1070
MASSACHUSETTS,2008,1071
MICHIGAN,2008,1072
MINNESOTA,2008,1073
MISSISSIPPI,2008,1074
MISSOURI,2008,1075
MONTANA,2008,1076
NEBRASKA,2008,1077
NEVADA,2008,1078
NEW HAMPSHIRE,2008,1079
NEW JERSEY,2008,1080
NEW MEXICO,2008,1081
NEW YORK,2008,1082
NORTH CAROLINA,2008,1083
NORTH DAKOTA,2008,1084
OHIO,2008,1085
OKLAHOMA,2008,1086
OREGON,2008,1087
PENNSYLVANIA,2008,1088
RHODE ISLAND,2008,1089
SOUTH CAROLINA,2008,1090
SOUTH DAKOTA,2008,1091
TENNESSEE,2008,1092
TEXAS,2008,1093
UTAH,2008,1094
VERMONT,2008,1095
VIRGINIA,2008,1096
WASHINGTON,2008,1097
WEST VIRGINIA,2008,1098
WISCONSIN,2008,1099
WYOMING,2008,1100
ALABAMA,2009,1101
ALASKA,2009,1102
ARIZONA,2009,1103
ARKANSAS,2009,1104
CALIFORNIA,2009,1105
COLORADO,2009,1106
CONNECTICUT,2009,1107
DELAWARE,2009,1108
FLORIDA,2009,1109
GEORGIA,2009,1110
HAWAII,2009,1111
IDAHO,2009,1112
ILLINOIS,2009,1113
INDIANA,2009,1114
IOWA,2009,1115
KANSAS,2009,1116
KENTUCKY,2009,1117
LOUISIANA,2009,1118
MAINE,2009,1119
MARYLAND,2009,1120
MASSACHUSETTS,2009,1121
MICHIGAN,2009,1122
MINNESOTA,2009,1123
MISSISSIPPI,2009,1124
MISSOURI,2009,1125
MONTANA,2009,1126
NEBRASKA,2009,1127
NEVADA,2009,1128
NEW HAMPSHIRE,2009,1129
NEW JERSEY,2009,1130
NEW MEXICO,2009,1131
NEW YORK,2009,1132
NORTH CAROLINA,2009,1133
NORTH DAKOTA,2009,1134
OHIO,2009,1135
OKLAHOMA,2009,1136
OREGON,2009,1137
PENNSYLVANIA,2009,1138
RHODE ISLAND,2009,1139
SOUTH CAROLINA,2009,1140
SOUTH DAKOTA,2009,1141
TENNESSEE,2009,1142
TEXAS,2009,1143
UTAH,2009,1144
VERMONT,2009,1145
VIRGINIA,2009,1146
WASHINGTON,2009,1147
WEST VIRGINIA,2009,1148
WISCONSIN,2009,1149
WYOMING,2009,1150
ALABAMA,2010,1151
ALASKA,2010,1152
ARIZONA,2010,1153
ARKANSAS,2010,1154
CALIFORNIA,2010,1155
COLORADO,2010,1156
CONNECTICUT,2010,1157
DELAWARE,2010,1158
FLORIDA,2010,1159
GEORGIA,2010,1160
HAWAII,2010,1161
IDAHO,2010,1162
ILLINOIS,2010,1163
INDIANA,2010,1164
IOWA,2010,1165
KANSAS,2010,1166
KENTUCKY,2010,1167
LOUISIANA,2010,1168
MAINE,2010,1169
MARYLAND,2010,1170
MASSACHUSETTS,2010,1171
MICHIGAN,2010,1172
MINNESOTA,2010,1173
MISSISSIPPI,2010,1174
MISSOURI,2010,1175
MONTANA,2010,1176
NEBRASKA,2010,1177
NEVADA,2010,1178
NEW HAMPSHIRE,2010,1179
NEW JERSEY,2010,1180
NEW MEXICO,2010,1181
NEW YORK,2010,1182
NORTH CAROLINA,2010,1183
NORTH DAKOTA,2010,1184
OHIO,2010,1185
OKLAHOMA,2010,1186
OREGON,2010,1187
PENNSYLVANIA,2010,1188
RHODE ISLAND,2010,1189
SOUTH CAROLINA,2010,1190
SOUTH DAKOTA,2010,1191
TENNESSEE,2010,1192
TEXAS,2010,1193
UTAH,2010,1194
VERMONT,2010,1195
VIRGINIA,2010,1196
WASHINGTON,2010,1197
WEST VIRGINIA,2010,1198
WISCONSIN,2010,1199
WYOMING,2010,1200
ALABAMA,2011,1201
ALASKA,2011,1202
ARIZONA,2011,1203
ARKANSAS,2011,1204
CALIFORNIA,2011,1205
COLORADO,2011,1206
CONNECTICUT,2011,1207
DELAWARE,2011,1208
FLORIDA,2011,1209
GEORGIA,2011,1210
HAWAII,2011,1211
IDAHO,2011,1212
ILLINOIS,2011,1213
INDIANA,2011,1214
IOWA,2011,1215
KANSAS,2011,1216
KENTUCKY,2011,1217
LOUISIANA,2011,1218
MAINE,2011,1219
MARYLAND,2011,1220
MASSACHUSETTS,2011,1221
MICHIGAN,2011,1222
MINNESOTA,2011,1223
MISSISSIPPI,2011,1224
MISSOURI,2011,1225
MONTANA,2011,1226
NEBRASKA,2011,1227
NEVADA,2011,1228
NEW HAMPSHIRE,2011,1229
NEW JERSEY,2011,1230
NEW MEXICO,2011,1231
NEW YORK,2011,1232
NORTH CAROLINA,2011,1233
NORTH DAKOTA,2011,1234
OHIO,2011,1235
OKLAHOMA,2011,1236
OREGON,2011,1237
PENNSYLVANIA,2011,1238
RHODE ISLAND,2011,1239
SOUTH CAROLINA,2011,1240
SOUTH DAKOTA,2011,1241
TENNESSEE,2011,1242
TEXAS,2011,1243
UTAH,2011,1244
VERMONT,2011,1245
VIRGINIA,2011,1246
WASHINGTON,2011,1247
WEST VIRGINIA,2011,1248
WISCONSIN,2011,1249
WYOMING,2011,1250
ALABAMA,2012,1251
ALASKA,2012,1252
ARIZONA,2012,1253
ARKANSAS,2012,1254
CALIFORNIA,2012,1255
COLORADO,2012,1256
CONNECTICUT,2012,1257
DELAWARE,2012,1258
FLORIDA,2012,1259
GEORGIA,2012,1260
HAWAII,2012,1261
IDAHO,2012,1262
ILLINOIS,2012,1263
INDIANA,2012,1264
IOWA,2012,1265
KANSAS,2012,1266
KENTUCKY,2012,1267
LOUISIANA,2012,1268
MAINE,2012,1269
MARYLAND,2012,1270
MASSACHUSETTS,2012,1271
MICHIGAN,2012,1272
MINNESOTA,2012,1273
MISSISSIPPI,2012,1274
MISSOURI,2012,1275
MONTANA,2012,1276
NEBRASKA,2012,1277
NEVADA,2012,1278
NEW HAMPSHIRE,2012,1279
NEW JERSEY,2012,1280
NEW MEXICO,2012,1281
NEW YORK,2012,1282
NORTH CAROLINA,2012,1283
NORTH DAKOTA,2012,1284
OHIO,2012,1285
OKLAHOMA,2012,1286
OREGON,2012,1287
PENNSYLVANIA,2012,1288
RHODE ISLAND,2012,1289
SOUTH CAROLINA,2012,1290
SOUTH DAKOTA,2012,1291
TENNESSEE,2012,1292
TEXAS,2012,1293
UTAH,2012,1294
VERMONT,2012,1295
VIRGINIA,2012,1296
WASHINGTON,2012,1297
WEST VIRGINIA,2012,1298
WISCONSIN,2012,1299
WYOMING,2012,1300
ALABAMA,2013,1301
ALASKA,2013,1302
ARIZONA,2013,1303
ARKANSAS,2013,1304
CALIFORNIA,2013,1305
COLORADO,2013,1306
CONNECTICUT,2013,1307
DELAWARE,2013,1308
FLORIDA,2013,1309
GEORGIA,2013,1310
HAWAII,2013,1311
IDAHO,2013,1312
ILLINOIS,2013,1313
INDIANA,2013,1314
IOWA,2013,1315
KANSAS,2013,1316
KENTUCKY,2013,1317
LOUISIANA,2013,1318
MAINE,2013,1319
MARYLAND,2013,1320
MASSACHUSETTS,2013,1321
MICHIGAN,2013,1322
MINNESOTA,2013,1323
MISSISSIPPI,2013,1324
MISSOURI,2013,1325
MONTANA,2013,1326
NEBRASKA,2013,1327
NEVADA,2013,1328
NEW HAMPSHIRE,2013,1329
NEW JERSEY,2013,1330
NEW MEXICO,2013,1331
NEW YORK,2013,1332
NORTH CAROLINA,2013,1333
NORTH DAKOTA,2013,1334
OHIO,2013,1335
OKLAHOMA,2013,1336
OREGON,2013,1337
PENNSYLVANIA,2013,1338
RHODE ISLAND,2013,1339
SOUTH CAROLINA,2013,1340
SOUTH DAKOTA,2013,1341
TENNESSEE,2013,1342
TEXAS,2013,1343
UTAH,2013,1344
VERMONT,2013,1345
VIRGINIA,2013,1346
WASHINGTON,2013,1347
WEST VIRGINIA,2013,1348
WISCONSIN,2013,1349
WYOMING,2013,1350
ALABAMA,2014,1351
ALASKA,2014,1352
ARIZONA,2014,1353
ARKANSAS,2014,1354
CALIFORNIA,2014,1355
COLORADO,2014,1356
CONNECTICUT,2014,1357
DELAWARE,2014,1358
FLORIDA,2014,1359
GEORGIA,2014,1360
HAWAII,2014,1361
IDAHO,2014,1362
ILLINOIS,2014,1363
INDIANA,2014,1364
IOWA,2014,1365
KANSAS,2014,1366
KENTUCKY,2014,1367
LOUISIANA,2014,1368
MAINE,2014,1369
MARYLAND,2014,1370
MASSACHUSETTS,2014,1371
MICHIGAN,2014,1372
MINNESOTA,2014,1373
MISSISSIPPI,2014,1374
MISSOURI,2014,1375
MONTANA,2014,1376
NEBRASKA,2014,1377
NEVADA,2014,1378
NEW HAMPSHIRE,2014,1379
NEW JERSEY,2014,1380
NEW MEXICO,2014,1381
NEW YORK,2014,1382
NORTH CAROLINA,2014,1383
NORTH DAKOTA,2014,1384
OHIO,2014,1385
OKLAHOMA,2014,1386
OREGON,2014,1387
PENNSYLVANIA,2014,1388
RHODE ISLAND,2014,1389
SOUTH CAROLINA,2014,1390
SOUTH DAKOTA,2014,1391
TENNESSEE,2014,1392
TEXAS,2014,1393
UTAH,2014,1394
VERMONT,2014,1395
VIRGINIA,2014,1396
WASHINGTON,2014,1397
WEST VIRGINIA,2014,1398
WISCONSIN,2014,1399
WYOMING,2014,1400
ALABAMA,2015,1401
ALASKA,2015,1402
ARIZONA,2015,1403
ARKANSAS,2015,1404
CALIFORNIA,2015,1405
COLORADO,2015,1406
CONNECTICUT,2015,1407
DELAWARE,2015,1408
FLORIDA,2015,1409
GEORGIA,2015,1410
HAWAII,2015,1411
IDAHO,2015,1412
ILLINOIS,2015,1413
INDIANA,2015,1414
IOWA,2015,1415
KANSAS,2015,1416
KENTUCKY,2015,1417
LOUISIANA,2015,1418
MAINE,2015,1419
MARYLAND,2015,1420
MASSACHUSETTS,2015,1421
MICHIGAN,2015,1422
MINNESOTA,2015,1423
MISSISSIPPI,2015,1424
MISSOURI,2015,1425
MONTANA,2015,1426
NEBRASKA,2015,1427
NEVADA,2015,1428
NEW HAMPSHIRE,2015,1429
NEW JERSEY,2015,1430
NEW MEXICO,2015,1431
NEW YORK,2015,1432
NORTH CAROLINA,2015,1433
NORTH DAKOTA,2015,1434
OHIO,2015,1435
OKLAHOMA,2015,1436
OREGON,2015,1437
PENNSYLVANIA,2015,1438
RHODE ISLAND,2015,1439
SOUTH CAROLINA,2015,1440
SOUTH DAKOTA,2015,1441
TENNESSEE,2015,1442
TEXAS,2015,1443
UTAH,2015,1444
VERMONT,2015,1445
VIRGINIA,2015,1446
WASHINGTON,2015,1447
WEST VIRGINIA,2015,1448
WISCONSIN,2015,1449
WYOMING,2015,1450
ALABAMA,2016,1451
ALASKA,2016,1452
ARIZONA,2016,1453
ARKANSAS,2016,1454
CALIFORNIA,2016,1455
COLORADO,2016,1456
CONNECTICUT,2016,1457
DELAWARE,2016,1458
FLORIDA,2016,1459
GEORGIA,2016,1460
HAWAII,2016,1461
IDAHO,2016,1462
ILLINOIS,2016,1463
INDIANA,2016,1464
IOWA,2016,1465
KANSAS,2016,1466
KENTUCKY,2016,1467
LOUISIANA,2016,1468
MAINE,2016,1469
MARYLAND,2016,1470
MASSACHUSETTS,2016,1471
MICHIGAN,2016,1472
MINNESOTA,2016,1473
MISSISSIPPI,2016,1474
MISSOURI,2016,1475
MONTANA,2016,1476
NEBRASKA,2016,1477
NEVADA,2016,1478
NEW HAMPSHIRE,2016,1479
NEW JERSEY,2016,1480
NEW MEXICO,2016,1481
NEW YORK,2016,1482
NORTH CAROLINA,2016,1483
NORTH DAKOTA,2016,1484
OHIO,2016,1485
OKLAHOMA,2016,1486
OREGON,2016,1487
PENNSYLVANIA,2016,1488
RHODE ISLAND,2016,1489
SOUTH CAROLINA,2016,1490
SOUTH DAKOTA,2016,1491
TENNESSEE,2016,1492
TEXAS,2016,1493
UTAH,2016,1494
VERMONT,2016,1495
VIRGINIA,2016,1496
WASHINGTON,2016,1497
WEST VIRGINIA,2016,1498
WISCONSIN,2016,1499
WYOMING,2016,1500
ALABAMA,2017,1501
ALASKA,2017,1502
ARIZONA,2017,1503
ARKANSAS,2017,1504
CALIFORNIA,2017,1505
COLORADO,2017,1506
CONNECTICUT,2017,1507
DELAWARE,2017,1508
FLORIDA,2017,1509
GEORGIA,2017,1510
HAWAII,2017,1511
IDAHO,2017,1512
ILLINOIS,2017,1513
INDIANA,2017,1514
IOWA,2017,1515
KANSAS,2017,1516
KENTUCKY,2017,1517
LOUISIANA,2017,1518
MAINE,2017,1519
MARYLAND,2017,1520
MASSACHUSETTS,2017,1521
MICHIGAN,2017,1522
MINNESOTA,2017,1523
MISSISSIPPI,2017,1524
MISSOURI,2017,1525
MONTANA,2017,1526
NEBRASKA,2017,1527
NEVADA,2017,1528
NEW HAMPSHIRE,2017,1529
NEW JERSEY,2017,1530
NEW MEXICO,2017,1531
NEW YORK,2017,1532
NORTH CAROLINA,2017,1533
NORTH DAKOTA,2017,1534
OHIO,2017,1535
OKLAHOMA,2017,1536
OREGON,2017,1537
PENNSYLVANIA,2017,1538
RHODE ISLAND,2017,1539
SOUTH CAROLINA,2017,1540
SOUTH DAKOTA,2017,1541
TENNESSEE,2017,1542
TEXAS,2017,1543
UTAH,2017,1544
VERMONT,2017,1545
VIRGINIA,2017,1546
WASHINGTON,2017,1547
WEST VIRGINIA,2017,1548
WISCONSIN,2017,1549
WYOMING,2017,1550
ALABAMA,2018,1551
ALASKA,2018,1552
ARIZONA,2018,1553
ARKANSAS,2018,1554
CALIFORNIA,2018,1555
COLORADO,2018,1556
CONNECTICUT,2018,1557
DELAWARE,2018,1558
FLORIDA,2018,1559
GEORGIA,2018,1560
HAWAII,2018,1561
IDAHO,2018,1562
ILLINOIS,2018,1563
INDIANA,2018,1564
IOWA,2018,1565
KANSAS,2018,1566
KENTUCKY,2018,1567
LOUISIANA,2018,1568
MAINE,2018,1569
MARYLAND,2018,1570
MASSACHUSETTS,2018,1571
MICHIGAN,2018,1572
MINNESOTA,2018,1573
MISSISSIPPI,2018,1574
MISSOURI,2018,1575
MONTANA,2018,1576
NEBRASKA,2018,1577
NEVADA,2018,1578
NEW HAMPSHIRE,2018,1579
NEW JERSEY,2018,1580
NEW MEXICO,2018,1581
NEW YORK,2018,1582
NORTH CAROLINA,2018,1583
NORTH DAKOTA,2018,1584
OHIO,2018,1585
OKLAHOMA,2018,1586
OREGON,2018,1587
PENNSYLVANIA,2018,1588
RHODE ISLAND,2018,1589
SOUTH CAROLINA,2018,1590
SOUTH DAKOTA,2018,1591
TENNESSEE,2018,1592
TEXAS,2018,1593
UTAH,2018,1594
VERMONT,2018,1595
VIRGINIA,2018,1596
WASHINGTON,2018,1597
WEST VIRGINIA,2018,1598
WISCONSIN,2018,1599
WYOMING,2018,1600
ALABAMA,2019,1601
ALASKA,2019,1602
ARIZONA,2019,1603
ARKANSAS,2019,1604
CALIFORNIA,2019,1605
COLORADO,2019,1606
CONNECTICUT,2019,1607
DELAWARE,2019,1608
FLORIDA,2019,1609
GEORGIA,2019,1610
HAWAII,2019,1611
IDAHO,2019,1612
ILLINOIS,2019,1613
INDIANA,2019,1614
IOWA,2019,1615
KANSAS,2019,1616
KENTUCKY,2019,1617
LOUISIANA,2019,1618
MAINE,2019,1619
MARYLAND,2019,1620
MASSACHUSETTS,2019,1621
MICHIGAN,2019,1622
MINNESOTA,2019,1623
MISSISSIPPI,2019,1624
MISSOURI,2019,1625
MONTANA,2019,1626
NEBRASKA,2019,1627
NEVADA,2019,1628
NEW HAMPSHIRE,2019,1629
NEW JERSEY,2019,1630
NEW MEXICO,2019,1631
NEW YORK,2019,1632
NORTH CAROLINA,2019,1633
NORTH DAKOTA,2019,1634
OHIO,2019,1635
OKLAHOMA,2019,1636
OREGON,2019,1637
PENNSYLVANIA,2019,1638
RHODE ISLAND,2019,1639
SOUTH CAROLINA,2019,1640
SOUTH DAKOTA,2019,1641
TENNESSEE,2019,1642
TEXAS,2019,1643
UTAH,2019,1644
VERMONT,2019,1645
VIRGINIA,2019,1646
WASHINGTON,2019,1647
WEST VIRGINIA,2019,1648
WISCONSIN,2019,1649
WYOMING,2019,1650
ALABAMA,2020,1651
ALASKA,2020,1652
ARIZONA,2020,1653
ARKANSAS,2020,1654
CALIFORNIA,2020,1655
COLORADO,2020,1656
CONNECTICUT,2020,1657
DELAWARE,2020,1658
FLORIDA,2020,1659
GEORGIA,2020,1660
HAWAII,2020,1661
IDAHO,2020,1662
ILLINOIS,2020,1663
INDIANA,2020,1664
IOWA,2020,1665
KANSAS,2020,1666
KENTUCKY,2020,1667
LOUISIANA,2020,1668
MAINE,2020,1669
MARYLAND,2020,1670
MASSACHUSETTS,2020,1671
MICHIGAN,2020,1672
MINNESOTA,2020,1673
MISSISSIPPI,2020,1674
MISSOURI,2020,1675
MONTANA,2020,1676
NEBRASKA,2020,1677
NEVADA,2020,1678
NEW HAMPSHIRE,2020,1679
NEW JERSEY,2020,1680
NEW MEXICO,2020,1681
NEW YORK,2020,1682
NORTH CAROLINA,2020,1683
NORTH DAKOTA,2020,1684
OHIO,2020,1685
OKLAHOMA,2020,1686
OREGON,2020,1687
PENNSYLVANIA,2020,1688
RHODE ISLAND,2020,1689
SOUTH CAROLINA,2020,1690
SOUTH DAKOTA,2020,1691
TENNESSEE,2020,1692
TEXAS,2020,1693
UTAH,2020,1694
VERMONT,2020,1695
VIRGINIA,2020,1696
WASHINGTON,2020,1697
WEST VIRGINIA,2020,1698
WISCONSIN,2020,1699
WYOMING,2020,1700
ALABAMA,2021,1701
ALASKA,2021,1702
ARIZONA,2021,1703
ARKANSAS,2021,1704
CALIFORNIA,2021,1705
COLORADO,2021,1706
CONNECTICUT,2021,1707
DELAWARE,2021,1708
FLORIDA,2021,1709
GEORGIA,2021,1710
HAWAII,2021,1711
IDAHO,2021,1712
ILLINOIS,2021,1713
INDIANA,2021,1714
IOWA,2021,1715
KANSAS,2021,1716
KENTUCKY,2021,1717
LOUISIANA,2021,1718
MAINE,2021,1719
MARYLAND,2021,1720
MASSACHUSETTS,2021,1721
MICHIGAN,2021,1722
MINNESOTA,2021,1723
MISSISSIPPI,2021,1724
MISSOURI,2021,1725
MONTANA,2021,1726
NEBRASKA,2021,1727
NEVADA,2021,1728
NEW HAMPSHIRE,2021,1729
NEW JERSEY,2021,1730
NEW MEXICO,2021,1731
NEW YORK,2021,1732
NORTH CAROLINA,2021,1733
NORTH DAKOTA,2021,1734
OHIO,2021,1735
OKLAHOMA,2021,1736
OREGON,2021,1737
PENNSYLVANIA,2021,1738
RHODE ISLAND,2021,1739
SOUTH CAROLINA,2021,1740
SOUTH DAKOTA,2021,1741
TENNESSEE,2021,1742
TEXAS,2021,1743
UTAH,2021,1744
VERMONT,2021,1745
VIRGINIA,2021,1746
WASHINGTON,2021,1747
WEST VIRGINIA,2021,1748
WISCONSIN,2021,1749
WYOMING,2021,1750
ALABAMA,2022,1751
ALASKA,2022,1752
ARIZONA,2022,1753
ARKANSAS,2022,1754
CALIFORNIA,2022,1755
COLORADO,2022,1756
CONNECTICUT,2022,1757
DELAWARE,2022,1758
FLORIDA,2022,1759
GEORGIA,2022,1760
HAWAII,2022,1761
IDAHO,2022,1762
ILLINOIS,2022,1763
INDIANA,2022,1764
IOWA,2022,1765
KANSAS,2022,1766
KENTUCKY,2022,1767
LOUISIANA,2022,1768
MAINE,2022,1769
MARYLAND,2022,1770
MASSACHUSETTS,2022,1771
MICHIGAN,2022,1772
MINNESOTA,2022,1773
MISSISSIPPI,2022,1774
MISSOURI,2022,1775
MONTANA,2022,1776
NEBRASKA,2022,1777
NEVADA,2022,1778
NEW HAMPSHIRE,2022,1779
NEW JERSEY,2022,1780
NEW MEXICO,2022,1781
NEW YORK,2022,1782
NORTH CAROLINA,2022,1783
NORTH DAKOTA,2022,1784
OHIO,2022,1785
OKLAHOMA,2022,1786
OREGON,2022,1787
PENNSYLVANIA,2022,1788
RHODE ISLAND,2022,1789
SOUTH CAROLINA,2022,1790
SOUTH DAKOTA,2022,1791
TENNESSEE,2022,1792
TEXAS,2022,1793
UTAH,2022,1794
VERMONT,2022,1795
VIRGINIA,2022,1796
WASHINGTON,2022,1797
WEST VIRGINIA,2022,1798
WISCONSIN,2022,1799
WYOMING,2022,1800
ALABAMA,2023,1801
ALASKA,2023,1802
ARIZONA,2023,1803
ARKANSAS,2023,1804
CALIFORNIA,2023,1805
COLORADO,2023,1806
CONNECTICUT,2023,1807
DELAWARE,2023,1808
FLORIDA,2023,1809
GEORGIA,2023,1810
HAWAII,2023,1811
IDAHO,2023,1812
ILLINOIS,2023,1813
INDIANA,2023,1814
IOWA,2023,1815
KANSAS,2023,1816
KENTUCKY,2023,1817
LOUISIANA,2023,1818
MAINE,2023,1819
MARYLAND,2023,1820
MASSACHUSETTS,2023,1821
MICHIGAN,2023,1822
MINNESOTA,2023,1823
MISSISSIPPI,2023,1824
MISSOURI,2023,1825
MONTANA,2023,1826
NEBRASKA,2023,1827
NEVADA,2023,1828
NEW HAMPSHIRE,2023,1829
NEW JERSEY,2023,1830
NEW MEXICO,2023,1831
NEW YORK,2023,1832
NORTH CAROLINA,2023,1833
NORTH DAKOTA,2023,1834
OHIO,2023,1835
OKLAHOMA,2023,1836
OREGON,2023,1837
PENNSYLVANIA,2023,1838
RHODE ISLAND,2023,1839
SOUTH CAROLINA,2023,1840
SOUTH DAKOTA,2023,1841
TENNESSEE,2023,1842
TEXAS,2023,1843
UTAH,2023,1844
VERMONT,2023,1845
VIRGINIA,2023,1846
WASHINGTON,2023,1847
WEST VIRGINIA,2023,1848
WISCONSIN,2023,1849
WYOMING,2023,1850
