State,Year
Alabama,1987
Alaska,1987
Arizona,1987
Arkansas,1987
California,1987
Colorado,1987
Connecticut,1987
Delaware,1987
Florida,1987
Georgia,1987
Hawaii,1987
Idaho,1987
Illinois,1987
Indiana,1987
Iowa,1987
Kansas,1987
Kentucky,1987
Louisiana,1987
Maine,1987
Maryland,1987
Massachusetts,1987
Michigan,1987
Minnesota,1987
Mississippi,1987
Missouri,1987
Montana,1987
Nebraska,1987
Nevada,1987
New Hampshire,1987
New Jersey,1987
New Mexico,1987
New York,1987
North Carolina,1987
North Dakota,1987
Ohio,1987
Oklahoma,1987
Oregon,1987
Pennsylvania,1987
Rhode Island,1987
South Carolina,1987
South Dakota,1987
Tennessee,1987
Texas,1987
Utah,1987
Vermont,1987
Virginia,1987
Washington,1987
West Virginia,1987
Wisconsin,1987
Wyoming,1987
Alabama,1988
Alaska,1988
Arizona,1988
Arkansas,1988
California,1988
Colorado,1988
Connecticut,1988
Delaware,1988
Florida,1988
Georgia,1988
Hawaii,1988
Idaho,1988
Illinois,1988
Indiana,1988
Iowa,1988
Kansas,1988
Kentucky,1988
Louisiana,1988
Maine,1988
Maryland,1988
Massachusetts,1988
Michigan,1988
Minnesota,1988
Mississippi,1988
Missouri,1988
Montana,1988
Nebraska,1988
Nevada,1988
New Hampshire,1988
New Jersey,1988
New Mexico,1988
New York,1988
North Carolina,1988
North Dakota,1988
Ohio,1988
Oklahoma,1988
Oregon,1988
Pennsylvania,1988
Rhode Island,1988
South Carolina,1988
South Dakota,1988
Tennessee,1988
Texas,1988
Utah,1988
Vermont,1988
Virginia,1988
Washington,1988
West Virginia,1988
Wisconsin,1988
Wyoming,1988
Alabama,1989
Alaska,1989
Arizona,1989
Arkansas,1989
California,1989
Colorado,1989
Connecticut,1989
Delaware,1989
Florida,1989
Georgia,1989
Hawaii,1989
Idaho,1989
Illinois,1989
Indiana,1989
Iowa,1989
Kansas,1989
Kentucky,1989
Louisiana,1989
Maine,1989
Maryland,1989
Massachusetts,1989
Michigan,1989
Minnesota,1989
Mississippi,1989
Missouri,1989
Montana,1989
Nebraska,1989
Nevada,1989
New Hampshire,1989
New Jersey,1989
New Mexico,1989
New York,1989
North Carolina,1989
North Dakota,1989
Ohio,1989
Oklahoma,1989
Oregon,1989
Pennsylvania,1989
Rhode Island,1989
South Carolina,1989
South Dakota,1989
Tennessee,1989
Texas,1989
Utah,1989
Vermont,1989
Virginia,1989
Washington,1989
West Virginia,1989
Wisconsin,1989
Wyoming,1989
Alabama,1990
Alaska,1990
Arizona,1990
Arkansas,1990
California,1990
Colorado,1990
Connecticut,1990
Delaware,1990
Florida,1990
Georgia,1990
Hawaii,1990
Idaho,1990
Illinois,1990
Indiana,1990
Iowa,1990
Kansas,1990
Kentucky,1990
Louisiana,1990
Maine,1990
Maryland,1990
Massachusetts,1990
Michigan,1990
Minnesota,1990
Mississippi,1990
Missouri,1990
Montana,1990
Nebraska,1990
Nevada,1990
New Hampshire,1990
New Jersey,1990
New Mexico,1990
New York,1990
North Carolina,1990
North Dakota,1990
Ohio,1990
Oklahoma,1990
Oregon,1990
Pennsylvania,1990
Rhode Island,1990
South Carolina,1990
South Dakota,1990
Tennessee,1990
Texas,1990
Utah,1990
Vermont,1990
Virginia,1990
Washington,1990
West Virginia,1990
Wisconsin,1990
Wyoming,1990
Alabama,1991
Alaska,1991
Arizona,1991
Arkansas,1991
California,1991
Colorado,1991
Connecticut,1991
Delaware,1991
Florida,1991
Georgia,1991
Hawaii,1991
Idaho,1991
Illinois,1991
Indiana,1991
Iowa,1991
Kansas,1991
Kentucky,1991
Louisiana,1991
Maine,1991
Maryland,1991
Massachusetts,1991
Michigan,1991
Minnesota,1991
Mississippi,1991
Missouri,1991
Montana,1991
Nebraska,1991
Nevada,1991
New Hampshire,1991
New Jersey,1991
New Mexico,1991
New York,1991
North Carolina,1991
North Dakota,1991
Ohio,1991
Oklahoma,1991
Oregon,1991
Pennsylvania,1991
Rhode Island,1991
South Carolina,1991
South Dakota,1991
Tennessee,1991
Texas,1991
Utah,1991
Vermont,1991
Virginia,1991
Washington,1991
West Virginia,1991
Wisconsin,1991
Wyoming,1991
Alabama,1992
Alaska,1992
Arizona,1992
Arkansas,1992
California,1992
Colorado,1992
Connecticut,1992
Delaware,1992
Florida,1992
Georgia,1992
Hawaii,1992
Idaho,1992
Illinois,1992
Indiana,1992
Iowa,1992
Kansas,1992
Kentucky,1992
Louisiana,1992
Maine,1992
Maryland,1992
Massachusetts,1992
Michigan,1992
Minnesota,1992
Mississippi,1992
Missouri,1992
Montana,1992
Nebraska,1992
Nevada,1992
New Hampshire,1992
New Jersey,1992
New Mexico,1992
New York,1992
North Carolina,1992
North Dakota,1992
Ohio,1992
Oklahoma,1992
Oregon,1992
Pennsylvania,1992
Rhode Island,1992
South Carolina,1992
South Dakota,1992
Tennessee,1992
Texas,1992
Utah,1992
Vermont,1992
Virginia,1992
Washington,1992
West Virginia,1992
Wisconsin,1992
Wyoming,1992
Alabama,1993
Alaska,1993
Arizona,1993
Arkansas,1993
California,1993
Colorado,1993
Connecticut,1993
Delaware,1993
Florida,1993
Georgia,1993
Hawaii,1993
Idaho,1993
Illinois,1993
Indiana,1993
Iowa,1993
Kansas,1993
Kentucky,1993
Louisiana,1993
Maine,1993
Maryland,1993
Massachusetts,1993
Michigan,1993
Minnesota,1993
Mississippi,1993
Missouri,1993
Montana,1993
Nebraska,1993
Nevada,1993
New Hampshire,1993
New Jersey,1993
New Mexico,1993
New York,1993
North Carolina,1993
North Dakota,1993
Ohio,1993
Oklahoma,1993
Oregon,1993
Pennsylvania,1993
Rhode Island,1993
South Carolina,1993
South Dakota,1993
Tennessee,1993
Texas,1993
Utah,1993
Vermont,1993
Virginia,1993
Washington,1993
West Virginia,1993
Wisconsin,1993
Wyoming,1993
Alabama,1994
Alaska,1994
Arizona,1994
Arkansas,1994
California,1994
Colorado,1994
Connecticut,1994
Delaware,1994
Florida,1994
Georgia,1994
Hawaii,1994
Idaho,1994
Illinois,1994
Indiana,1994
Iowa,1994
Kansas,1994
Kentucky,1994
Louisiana,1994
Maine,1994
Maryland,1994
Massachusetts,1994
Michigan,1994
Minnesota,1994
Mississippi,1994
Missouri,1994
Montana,1994
Nebraska,1994
Nevada,1994
New Hampshire,1994
New Jersey,1994
New Mexico,1994
New York,1994
North Carolina,1994
North Dakota,1994
Ohio,1994
Oklahoma,1994
Oregon,1994
Pennsylvania,1994
Rhode Island,1994
South Carolina,1994
South Dakota,1994
Tennessee,1994
Texas,1994
Utah,1994
Vermont,1994
Virginia,1994
Washington,1994
West Virginia,1994
Wisconsin,1994
Wyoming,1994
Alabama,1995
Alaska,1995
Arizona,1995
Arkansas,1995
California,1995
Colorado,1995
Connecticut,1995
Delaware,1995
Florida,1995
Georgia,1995
Hawaii,1995
Idaho,1995
Illinois,1995
Indiana,1995
Iowa,1995
Kansas,1995
Kentucky,1995
Louisiana,1995
Maine,1995
Maryland,1995
Massachusetts,1995
Michigan,1995
Minnesota,1995
Mississippi,1995
Missouri,1995
Montana,1995
Nebraska,1995
Nevada,1995
New Hampshire,1995
New Jersey,1995
New Mexico,1995
New York,1995
North Carolina,1995
North Dakota,1995
Ohio,1995
Oklahoma,1995
Oregon,1995
Pennsylvania,1995
Rhode Island,1995
South Carolina,1995
South Dakota,1995
Tennessee,1995
Texas,1995
Utah,1995
Vermont,1995
Virginia,1995
Washington,1995
West Virginia,1995
Wisconsin,1995
Wyoming,1995
Alabama,1996
Alaska,1996
Arizona,1996
Arkansas,1996
California,1996
Colorado,1996
Connecticut,1996
Delaware,1996
Florida,1996
Georgia,1996
Hawaii,1996
Idaho,1996
Illinois,1996
Indiana,1996
Iowa,1996
Kansas,1996
Kentucky,1996
Louisiana,1996
Maine,1996
Maryland,1996
Massachusetts,1996
Michigan,1996
Minnesota,1996
Mississippi,1996
Missouri,1996
Montana,1996
Nebraska,1996
Nevada,1996
New Hampshire,1996
New Jersey,1996
New Mexico,1996
New York,1996
North Carolina,1996
North Dakota,1996
Ohio,1996
Oklahoma,1996
Oregon,1996
Pennsylvania,1996
Rhode Island,1996
South Carolina,1996
South Dakota,1996
Tennessee,1996
Texas,1996
Utah,1996
Vermont,1996
Virginia,1996
Washington,1996
West Virginia,1996
Wisconsin,1996
Wyoming,1996
Alabama,1997
Alaska,1997
Arizona,1997
Arkansas,1997
California,1997
Colorado,1997
Connecticut,1997
Delaware,1997
Florida,1997
Georgia,1997
Hawaii,1997
Idaho,1997
Illinois,1997
Indiana,1997
Iowa,1997
Kansas,1997
Kentucky,1997
Louisiana,1997
Maine,1997
Maryland,1997
Massachusetts,1997
Michigan,1997
Minnesota,1997
Mississippi,1997
Missouri,1997
Montana,1997
Nebraska,1997
Nevada,1997
New Hampshire,1997
New Jersey,1997
New Mexico,1997
New York,1997
North Carolina,1997
North Dakota,1997
Ohio,1997
Oklahoma,1997
Oregon,1997
Pennsylvania,1997
Rhode Island,1997
South Carolina,1997
South Dakota,1997
Tennessee,1997
Texas,1997
Utah,1997
Vermont,1997
Virginia,1997
Washington,1997
West Virginia,1997
Wisconsin,1997
Wyoming,1997
Alabama,1998
Alaska,1998
Arizona,1998
Arkansas,1998
California,1998
Colorado,1998
Connecticut,1998
Delaware,1998
Florida,1998
Georgia,1998
Hawaii,1998
Idaho,1998
Illinois,1998
Indiana,1998
Iowa,1998
Kansas,1998
Kentucky,1998
Louisiana,1998
Maine,1998
Maryland,1998
Massachusetts,1998
Michigan,1998
Minnesota,1998
Mississippi,1998
Missouri,1998
Montana,1998
Nebraska,1998
Nevada,1998
New Hampshire,1998
New Jersey,1998
New Mexico,1998
New York,1998
North Carolina,1998
North Dakota,1998
Ohio,1998
Oklahoma,1998
Oregon,1998
Pennsylvania,1998
Rhode Island,1998
South Carolina,1998
South Dakota,1998
Tennessee,1998
Texas,1998
Utah,1998
Vermont,1998
Virginia,1998
Washington,1998
West Virginia,1998
Wisconsin,1998
Wyoming,1998
Alabama,1999
Alaska,1999
Arizona,1999
Arkansas,1999
California,1999
Colorado,1999
Connecticut,1999
Delaware,1999
Florida,1999
Georgia,1999
Hawaii,1999
Idaho,1999
Illinois,1999
Indiana,1999
Iowa,1999
Kansas,1999
Kentucky,1999
Louisiana,1999
Maine,1999
Maryland,1999
Massachusetts,1999
Michigan,1999
Minnesota,1999
Mississippi,1999
Missouri,1999
Montana,1999
Nebraska,1999
Nevada,1999
New Hampshire,1999
New Jersey,1999
New Mexico,1999
New York,1999
North Carolina,1999
North Dakota,1999
Ohio,1999
Oklahoma,1999
Oregon,1999
Pennsylvania,1999
Rhode Island,1999
South Carolina,1999
South Dakota,1999
Tennessee,1999
Texas,1999
Utah,1999
Vermont,1999
Virginia,1999
Washington,1999
West Virginia,1999
Wisconsin,1999
Wyoming,1999
Alabama,2000
Alaska,2000
Arizona,2000
Arkansas,2000
California,2000
Colorado,2000
Connecticut,2000
Delaware,2000
Florida,2000
Georgia,2000
Hawaii,2000
Idaho,2000
Illinois,2000
Indiana,2000
Iowa,2000
Kansas,2000
Kentucky,2000
Louisiana,2000
Maine,2000
Maryland,2000
Massachusetts,2000
Michigan,2000
Minnesota,2000
Mississippi,2000
Missouri,2000
Montana,2000
Nebraska,2000
Nevada,2000
New Hampshire,2000
New Jersey,2000
New Mexico,2000
New York,2000
North Carolina,2000
North Dakota,2000
Ohio,2000
Oklahoma,2000
Oregon,2000
Pennsylvania,2000
Rhode Island,2000
South Carolina,2000
South Dakota,2000
Tennessee,2000
Texas,2000
Utah,2000
Vermont,2000
Virginia,2000
Washington,2000
West Virginia,2000
Wisconsin,2000
Wyoming,2000
Alabama,2001
Alaska,2001
Arizona,2001
Arkansas,2001
California,2001
Colorado,2001
Connecticut,2001
Delaware,2001
Florida,2001
Georgia,2001
Hawaii,2001
Idaho,2001
Illinois,2001
Indiana,2001
Iowa,2001
Kansas,2001
Kentucky,2001
Louisiana,2001
Maine,2001
Maryland,2001
Massachusetts,2001
Michigan,2001
Minnesota,2001
Mississippi,2001
Missouri,2001
Montana,2001
Nebraska,2001
Nevada,2001
New Hampshire,2001
New Jersey,2001
New Mexico,2001
New York,2001
North Carolina,2001
North Dakota,2001
Ohio,2001
Oklahoma,2001
Oregon,2001
Pennsylvania,2001
Rhode Island,2001
South Carolina,2001
South Dakota,2001
Tennessee,2001
Texas,2001
Utah,2001
Vermont,2001
Virginia,2001
Washington,2001
West Virginia,2001
Wisconsin,2001
Wyoming,2001
Alabama,2002
Alaska,2002
Arizona,2002
Arkansas,2002
California,2002
Colorado,2002
Connecticut,2002
Delaware,2002
Florida,2002
Georgia,2002
Hawaii,2002
Idaho,2002
Illinois,2002
Indiana,2002
Iowa,2002
Kansas,2002
Kentucky,2002
Louisiana,2002
Maine,2002
Maryland,2002
Massachusetts,2002
Michigan,2002
Minnesota,2002
Mississippi,2002
Missouri,2002
Montana,2002
Nebraska,2002
Nevada,2002
New Hampshire,2002
New Jersey,2002
New Mexico,2002
New York,2002
North Carolina,2002
North Dakota,2002
Ohio,2002
Oklahoma,2002
Oregon,2002
Pennsylvania,2002
Rhode Island,2002
South Carolina,2002
South Dakota,2002
Tennessee,2002
Texas,2002
Utah,2002
Vermont,2002
Virginia,2002
Washington,2002
West Virginia,2002
Wisconsin,2002
Wyoming,2002
Alabama,2003
Alaska,2003
Arizona,2003
Arkansas,2003
California,2003
Colorado,2003
Connecticut,2003
Delaware,2003
Florida,2003
Georgia,2003
Hawaii,2003
Idaho,2003
Illinois,2003
Indiana,2003
Iowa,2003
Kansas,2003
Kentucky,2003
Louisiana,2003
Maine,2003
Maryland,2003
Massachusetts,2003
Michigan,2003
Minnesota,2003
Mississippi,2003
Missouri,2003
Montana,2003
Nebraska,2003
Nevada,2003
New Hampshire,2003
New Jersey,2003
New Mexico,2003
New York,2003
North Carolina,2003
North Dakota,2003
Ohio,2003
Oklahoma,2003
Oregon,2003
Pennsylvania,2003
Rhode Island,2003
South Carolina,2003
South Dakota,2003
Tennessee,2003
Texas,2003
Utah,2003
Vermont,2003
Virginia,2003
Washington,2003
West Virginia,2003
Wisconsin,2003
Wyoming,2003
Alabama,2004
Alaska,2004
Arizona,2004
Arkansas,2004
California,2004
Colorado,2004
Connecticut,2004
Delaware,2004
Florida,2004
Georgia,2004
Hawaii,2004
Idaho,2004
Illinois,2004
Indiana,2004
Iowa,2004
Kansas,2004
Kentucky,2004
Louisiana,2004
Maine,2004
Maryland,2004
Massachusetts,2004
Michigan,2004
Minnesota,2004
Mississippi,2004
Missouri,2004
Montana,2004
Nebraska,2004
Nevada,2004
New Hampshire,2004
New Jersey,2004
New Mexico,2004
New York,2004
North Carolina,2004
North Dakota,2004
Ohio,2004
Oklahoma,2004
Oregon,2004
Pennsylvania,2004
Rhode Island,2004
South Carolina,2004
South Dakota,2004
Tennessee,2004
Texas,2004
Utah,2004
Vermont,2004
Virginia,2004
Washington,2004
West Virginia,2004
Wisconsin,2004
Wyoming,2004
Alabama,2005
Alaska,2005
Arizona,2005
Arkansas,2005
California,2005
Colorado,2005
Connecticut,2005
Delaware,2005
Florida,2005
Georgia,2005
Hawaii,2005
Idaho,2005
Illinois,2005
Indiana,2005
Iowa,2005
Kansas,2005
Kentucky,2005
Louisiana,2005
Maine,2005
Maryland,2005
Massachusetts,2005
Michigan,2005
Minnesota,2005
Mississippi,2005
Missouri,2005
Montana,2005
Nebraska,2005
Nevada,2005
New Hampshire,2005
New Jersey,2005
New Mexico,2005
New York,2005
North Carolina,2005
North Dakota,2005
Ohio,2005
Oklahoma,2005
Oregon,2005
Pennsylvania,2005
Rhode Island,2005
South Carolina,2005
South Dakota,2005
Tennessee,2005
Texas,2005
Utah,2005
Vermont,2005
Virginia,2005
Washington,2005
West Virginia,2005
Wisconsin,2005
Wyoming,2005
Alabama,2006
Alaska,2006
Arizona,2006
Arkansas,2006
California,2006
Colorado,2006
Connecticut,2006
Delaware,2006
Florida,2006
Georgia,2006
Hawaii,2006
Idaho,2006
Illinois,2006
Indiana,2006
Iowa,2006
Kansas,2006
Kentucky,2006
Louisiana,2006
Maine,2006
Maryland,2006
Massachusetts,2006
Michigan,2006
Minnesota,2006
Mississippi,2006
Missouri,2006
Montana,2006
Nebraska,2006
Nevada,2006
New Hampshire,2006
New Jersey,2006
New Mexico,2006
New York,2006
North Carolina,2006
North Dakota,2006
Ohio,2006
Oklahoma,2006
Oregon,2006
Pennsylvania,2006
Rhode Island,2006
South Carolina,2006
South Dakota,2006
Tennessee,2006
Texas,2006
Utah,2006
Vermont,2006
Virginia,2006
Washington,2006
West Virginia,2006
Wisconsin,2006
Wyoming,2006
Alabama,2007
Alaska,2007
Arizona,2007
Arkansas,2007
California,2007
Colorado,2007
Connecticut,2007
Delaware,2007
Florida,2007
Georgia,2007
Hawaii,2007
Idaho,2007
Illinois,2007
Indiana,2007
Iowa,2007
Kansas,2007
Kentucky,2007
Louisiana,2007
Maine,2007
Maryland,2007
Massachusetts,2007
Michigan,2007
Minnesota,2007
Mississippi,2007
Missouri,2007
Montana,2007
Nebraska,2007
Nevada,2007
New Hampshire,2007
New Jersey,2007
New Mexico,2007
New York,2007
North Carolina,2007
North Dakota,2007
Ohio,2007
Oklahoma,2007
Oregon,2007
Pennsylvania,2007
Rhode Island,2007
South Carolina,2007
South Dakota,2007
Tennessee,2007
Texas,2007
Utah,2007
Vermont,2007
Virginia,2007
Washington,2007
West Virginia,2007
Wisconsin,2007
Wyoming,2007
Alabama,2008
Alaska,2008
Arizona,2008
Arkansas,2008
California,2008
Colorado,2008
Connecticut,2008
Delaware,2008
Florida,2008
Georgia,2008
Hawaii,2008
Idaho,2008
Illinois,2008
Indiana,2008
Iowa,2008
Kansas,2008
Kentucky,2008
Louisiana,2008
Maine,2008
Maryland,2008
Massachusetts,2008
Michigan,2008
Minnesota,2008
Mississippi,2008
Missouri,2008
Montana,2008
Nebraska,2008
Nevada,2008
New Hampshire,2008
New Jersey,2008
New Mexico,2008
New York,2008
North Carolina,2008
North Dakota,2008
Ohio,2008
Oklahoma,2008
Oregon,2008
Pennsylvania,2008
Rhode Island,2008
South Carolina,2008
South Dakota,2008
Tennessee,2008
Texas,2008
Utah,2008
Vermont,2008
Virginia,2008
Washington,2008
West Virginia,2008
Wisconsin,2008
Wyoming,2008
Alabama,2009
Alaska,2009
Arizona,2009
Arkansas,2009
California,2009
Colorado,2009
Connecticut,2009
Delaware,2009
Florida,2009
Georgia,2009
Hawaii,2009
Idaho,2009
Illinois,2009
Indiana,2009
Iowa,2009
Kansas,2009
Kentucky,2009
Louisiana,2009
Maine,2009
Maryland,2009
Massachusetts,2009
Michigan,2009
Minnesota,2009
Mississippi,2009
Missouri,2009
Montana,2009
Nebraska,2009
Nevada,2009
New Hampshire,2009
New Jersey,2009
New Mexico,2009
New York,2009
North Carolina,2009
North Dakota,2009
Ohio,2009
Oklahoma,2009
Oregon,2009
Pennsylvania,2009
Rhode Island,2009
South Carolina,2009
South Dakota,2009
Tennessee,2009
Texas,2009
Utah,2009
Vermont,2009
Virginia,2009
Washington,2009
West Virginia,2009
Wisconsin,2009
Wyoming,2009
Alabama,2010
Alaska,2010
Arizona,2010
Arkansas,2010
California,2010
Colorado,2010
Connecticut,2010
Delaware,2010
Florida,2010
Georgia,2010
Hawaii,2010
Idaho,2010
Illinois,2010
Indiana,2010
Iowa,2010
Kansas,2010
Kentucky,2010
Louisiana,2010
Maine,2010
Maryland,2010
Massachusetts,2010
Michigan,2010
Minnesota,2010
Mississippi,2010
Missouri,2010
Montana,2010
Nebraska,2010
Nevada,2010
New Hampshire,2010
New Jersey,2010
New Mexico,2010
New York,2010
North Carolina,2010
North Dakota,2010
Ohio,2010
Oklahoma,2010
Oregon,2010
Pennsylvania,2010
Rhode Island,2010
South Carolina,2010
South Dakota,2010
Tennessee,2010
Texas,2010
Utah,2010
Vermont,2010
Virginia,2010
Washington,2010
West Virginia,2010
Wisconsin,2010
Wyoming,2010
Alabama,2011
Alaska,2011
Arizona,2011
Arkansas,2011
California,2011
Colorado,2011
Connecticut,2011
Delaware,2011
Florida,2011
Georgia,2011
Hawaii,2011
Idaho,2011
Illinois,2011
Indiana,2011
Iowa,2011
Kansas,2011
Kentucky,2011
Louisiana,2011
Maine,2011
Maryland,2011
Massachusetts,2011
Michigan,2011
Minnesota,2011
Mississippi,2011
Missouri,2011
Montana,2011
Nebraska,2011
Nevada,2011
New Hampshire,2011
New Jersey,2011
New Mexico,2011
New York,2011
North Carolina,2011
North Dakota,2011
Ohio,2011
Oklahoma,2011
Oregon,2011
Pennsylvania,2011
Rhode Island,2011
South Carolina,2011
South Dakota,2011
Tennessee,2011
Texas,2011
Utah,2011
Vermont,2011
Virginia,2011
Washington,2011
West Virginia,2011
Wisconsin,2011
Wyoming,2011
Alabama,2012
Alaska,2012
Arizona,2012
Arkansas,2012
California,2012
Colorado,2012
Connecticut,2012
Delaware,2012
Florida,2012
Georgia,2012
Hawaii,2012
Idaho,2012
Illinois,2012
Indiana,2012
Iowa,2012
Kansas,2012
Kentucky,2012
Louisiana,2012
Maine,2012
Maryland,2012
Massachusetts,2012
Michigan,2012
Minnesota,2012
Mississippi,2012
Missouri,2012
Montana,2012
Nebraska,2012
Nevada,2012
New Hampshire,2012
New Jersey,2012
New Mexico,2012
New York,2012
North Carolina,2012
North Dakota,2012
Ohio,2012
Oklahoma,2012
Oregon,2012
Pennsylvania,2012
Rhode Island,2012
South Carolina,2012
South Dakota,2012
Tennessee,2012
Texas,2012
Utah,2012
Vermont,2012
Virginia,2012
Washington,2012
West Virginia,2012
Wisconsin,2012
Wyoming,2012
Alabama,2013
Alaska,2013
Arizona,2013
Arkansas,2013
California,2013
Colorado,2013
Connecticut,2013
Delaware,2013
Florida,2013
Georgia,2013
Hawaii,2013
Idaho,2013
Illinois,2013
Indiana,2013
Iowa,2013
Kansas,2013
Kentucky,2013
Louisiana,2013
Maine,2013
Maryland,2013
Massachusetts,2013
Michigan,2013
Minnesota,2013
Mississippi,2013
Missouri,2013
Montana,2013
Nebraska,2013
Nevada,2013
New Hampshire,2013
New Jersey,2013
New Mexico,2013
New York,2013
North Carolina,2013
North Dakota,2013
Ohio,2013
Oklahoma,2013
Oregon,2013
Pennsylvania,2013
Rhode Island,2013
South Carolina,2013
South Dakota,2013
Tennessee,2013
Texas,2013
Utah,2013
Vermont,2013
Virginia,2013
Washington,2013
West Virginia,2013
Wisconsin,2013
Wyoming,2013
Alabama,2014
Alaska,2014
Arizona,2014
Arkansas,2014
California,2014
Colorado,2014
Connecticut,2014
Delaware,2014
Florida,2014
Georgia,2014
Hawaii,2014
Idaho,2014
Illinois,2014
Indiana,2014
Iowa,2014
Kansas,2014
Kentucky,2014
Louisiana,2014
Maine,2014
Maryland,2014
Massachusetts,2014
Michigan,2014
Minnesota,2014
Mississippi,2014
Missouri,2014
Montana,2014
Nebraska,2014
Nevada,2014
New Hampshire,2014
New Jersey,2014
New Mexico,2014
New York,2014
North Carolina,2014
North Dakota,2014
Ohio,2014
Oklahoma,2014
Oregon,2014
Pennsylvania,2014
Rhode Island,2014
South Carolina,2014
South Dakota,2014
Tennessee,2014
Texas,2014
Utah,2014
Vermont,2014
Virginia,2014
Washington,2014
West Virginia,2014
Wisconsin,2014
Wyoming,2014
Alabama,2015
Alaska,2015
Arizona,2015
Arkansas,2015
California,2015
Colorado,2015
Connecticut,2015
Delaware,2015
Florida,2015
Georgia,2015
Hawaii,2015
Idaho,2015
Illinois,2015
Indiana,2015
Iowa,2015
Kansas,2015
Kentucky,2015
Louisiana,2015
Maine,2015
Maryland,2015
Massachusetts,2015
Michigan,2015
Minnesota,2015
Mississippi,2015
Missouri,2015
Montana,2015
Nebraska,2015
Nevada,2015
New Hampshire,2015
New Jersey,2015
New Mexico,2015
New York,2015
North Carolina,2015
North Dakota,2015
Ohio,2015
Oklahoma,2015
Oregon,2015
Pennsylvania,2015
Rhode Island,2015
South Carolina,2015
South Dakota,2015
Tennessee,2015
Texas,2015
Utah,2015
Vermont,2015
Virginia,2015
Washington,2015
West Virginia,2015
Wisconsin,2015
Wyoming,2015
Alabama,2016
Alaska,2016
Arizona,2016
Arkansas,2016
California,2016
Colorado,2016
Connecticut,2016
Delaware,2016
Florida,2016
Georgia,2016
Hawaii,2016
Idaho,2016
Illinois,2016
Indiana,2016
Iowa,2016
Kansas,2016
Kentucky,2016
Louisiana,2016
Maine,2016
Maryland,2016
Massachusetts,2016
Michigan,2016
Minnesota,2016
Mississippi,2016
Missouri,2016
Montana,2016
Nebraska,2016
Nevada,2016
New Hampshire,2016
New Jersey,2016
New Mexico,2016
New York,2016
North Carolina,2016
North Dakota,2016
Ohio,2016
Oklahoma,2016
Oregon,2016
Pennsylvania,2016
Rhode Island,2016
South Carolina,2016
South Dakota,2016
Tennessee,2016
Texas,2016
Utah,2016
Vermont,2016
Virginia,2016
Washington,2016
West Virginia,2016
Wisconsin,2016
Wyoming,2016
Alabama,2017
Alaska,2017
Arizona,2017
Arkansas,2017
California,2017
Colorado,2017
Connecticut,2017
Delaware,2017
Florida,2017
Georgia,2017
Hawaii,2017
Idaho,2017
Illinois,2017
Indiana,2017
Iowa,2017
Kansas,2017
Kentucky,2017
Louisiana,2017
Maine,2017
Maryland,2017
Massachusetts,2017
Michigan,2017
Minnesota,2017
Mississippi,2017
Missouri,2017
Montana,2017
Nebraska,2017
Nevada,2017
New Hampshire,2017
New Jersey,2017
New Mexico,2017
New York,2017
North Carolina,2017
North Dakota,2017
Ohio,2017
Oklahoma,2017
Oregon,2017
Pennsylvania,2017
Rhode Island,2017
South Carolina,2017
South Dakota,2017
Tennessee,2017
Texas,2017
Utah,2017
Vermont,2017
Virginia,2017
Washington,2017
West Virginia,2017
Wisconsin,2017
Wyoming,2017
Alabama,2018
Alaska,2018
Arizona,2018
Arkansas,2018
California,2018
Colorado,2018
Connecticut,2018
Delaware,2018
Florida,2018
Georgia,2018
Hawaii,2018
Idaho,2018
Illinois,2018
Indiana,2018
Iowa,2018
Kansas,2018
Kentucky,2018
Louisiana,2018
Maine,2018
Maryland,2018
Massachusetts,2018
Michigan,2018
Minnesota,2018
Mississippi,2018
Missouri,2018
Montana,2018
Nebraska,2018
Nevada,2018
New Hampshire,2018
New Jersey,2018
New Mexico,2018
New York,2018
North Carolina,2018
North Dakota,2018
Ohio,2018
Oklahoma,2018
Oregon,2018
Pennsylvania,2018
Rhode Island,2018
South Carolina,2018
South Dakota,2018
Tennessee,2018
Texas,2018
Utah,2018
Vermont,2018
Virginia,2018
Washington,2018
West Virginia,2018
Wisconsin,2018
Wyoming,2018
Alabama,2019
Alaska,2019
Arizona,2019
Arkansas,2019
California,2019
Colorado,2019
Connecticut,2019
Delaware,2019
Florida,2019
Georgia,2019
Hawaii,2019
Idaho,2019
Illinois,2019
Indiana,2019
Iowa,2019
Kansas,2019
Kentucky,2019
Louisiana,2019
Maine,2019
Maryland,2019
Massachusetts,2019
Michigan,2019
Minnesota,2019
Mississippi,2019
Missouri,2019
Montana,2019
Nebraska,2019
Nevada,2019
New Hampshire,2019
New Jersey,2019
New Mexico,2019
New York,2019
North Carolina,2019
North Dakota,2019
Ohio,2019
Oklahoma,2019
Oregon,2019
Pennsylvania,2019
Rhode Island,2019
South Carolina,2019
South Dakota,2019
Tennessee,2019
Texas,2019
Utah,2019
Vermont,2019
Virginia,2019
Washington,2019
West Virginia,2019
Wisconsin,2019
Wyoming,2019
Alabama,2020
Alaska,2020
Arizona,2020
Arkansas,2020
California,2020
Colorado,2020
Connecticut,2020
Delaware,2020
Florida,2020
Georgia,2020
Hawaii,2020
Idaho,2020
Illinois,2020
Indiana,2020
Iowa,2020
Kansas,2020
Kentucky,2020
Louisiana,2020
Maine,2020
Maryland,2020
Massachusetts,2020
Michigan,2020
Minnesota,2020
Mississippi,2020
Missouri,2020
Montana,2020
Nebraska,2020
Nevada,2020
New Hampshire,2020
New Jersey,2020
New Mexico,2020
New York,2020
North Carolina,2020
North Dakota,2020
Ohio,2020
Oklahoma,2020
Oregon,2020
Pennsylvania,2020
Rhode Island,2020
South Carolina,2020
South Dakota,2020
Tennessee,2020
Texas,2020
Utah,2020
Vermont,2020
Virginia,2020
Washington,2020
West Virginia,2020
Wisconsin,2020
Wyoming,2020
Alabama,2021
Alaska,2021
Arizona,2021
Arkansas,2021
California,2021
Colorado,2021
Connecticut,2021
Delaware,2021
Florida,2021
Georgia,2021
Hawaii,2021
Idaho,2021
Illinois,2021
Indiana,2021
Iowa,2021
Kansas,2021
Kentucky,2021
Louisiana,2021
Maine,2021
Maryland,2021
Massachusetts,2021
Michigan,2021
Minnesota,2021
Mississippi,2021
Missouri,2021
Montana,2021
Nebraska,2021
Nevada,2021
New Hampshire,2021
New Jersey,2021
New Mexico,2021
New York,2021
North Carolina,2021
North Dakota,2021
Ohio,2021
Oklahoma,2021
Oregon,2021
Pennsylvania,2021
Rhode Island,2021
South Carolina,2021
South Dakota,2021
Tennessee,2021
Texas,2021
Utah,2021
Vermont,2021
Virginia,2021
Washington,2021
West Virginia,2021
Wisconsin,2021
Wyoming,2021
Alabama,2022
Alaska,2022
Arizona,2022
Arkansas,2022
California,2022
Colorado,2022
Connecticut,2022
Delaware,2022
Florida,2022
Georgia,2022
Hawaii,2022
Idaho,2022
Illinois,2022
Indiana,2022
Iowa,2022
Kansas,2022
Kentucky,2022
Louisiana,2022
Maine,2022
Maryland,2022
Massachusetts,2022
Michigan,2022
Minnesota,2022
Mississippi,2022
Missouri,2022
Montana,2022
Nebraska,2022
Nevada,2022
New Hampshire,2022
New Jersey,2022
New Mexico,2022
New York,2022
North Carolina,2022
North Dakota,2022
Ohio,2022
Oklahoma,2022
Oregon,2022
Pennsylvania,2022
Rhode Island,2022
South Carolina,2022
South Dakota,2022
Tennessee,2022
Texas,2022
Utah,2022
Vermont,2022
Virginia,2022
Washington,2022
West Virginia,2022
Wisconsin,2022
Wyoming,2022
Alabama,2023
Alaska,2023
Arizona,2023
Arkansas,2023
California,2023
Colorado,2023
Connecticut,2023
Delaware,2023
Florida,2023
Georgia,2023
Hawaii,2023
Idaho,2023
Illinois,2023
Indiana,2023
Iowa,2023
Kansas,2023
Kentucky,2023
Louisiana,2023
Maine,2023
Maryland,2023
Massachusetts,2023
Michigan,2023
Minnesota,2023
Mississippi,2023
Missouri,2023
Montana,2023
Nebraska,2023
Nevada,2023
New Hampshire,2023
New Jersey,2023
New Mexico,2023
New York,2023
North Carolina,2023
North Dakota,2023
Ohio,2023
Oklahoma,2023
Oregon,2023
Pennsylvania,2023
Rhode Island,2023
South Carolina,2023
South Dakota,2023
Tennessee,2023
Texas,2023
Utah,2023
Vermont,2023
Virginia,2023
Washington,2023
West Virginia,2023
Wisconsin,2023
Wyoming,2023